-- MySQL dump 10.13  Distrib 8.0.23, for Win64 (x86_64)
--
-- Host: localhost    Database: royal_bank_aus
-- ------------------------------------------------------
-- Server version	8.0.23

/*!40101 SET @OLD_CHARACTER_SET_CLIENT=@@CHARACTER_SET_CLIENT */;
/*!40101 SET @OLD_CHARACTER_SET_RESULTS=@@CHARACTER_SET_RESULTS */;
/*!40101 SET @OLD_COLLATION_CONNECTION=@@COLLATION_CONNECTION */;
/*!50503 SET NAMES utf8 */;
/*!40103 SET @OLD_TIME_ZONE=@@TIME_ZONE */;
/*!40103 SET TIME_ZONE='+00:00' */;
/*!40014 SET @OLD_UNIQUE_CHECKS=@@UNIQUE_CHECKS, UNIQUE_CHECKS=0 */;
/*!40014 SET @OLD_FOREIGN_KEY_CHECKS=@@FOREIGN_KEY_CHECKS, FOREIGN_KEY_CHECKS=0 */;
/*!40101 SET @OLD_SQL_MODE=@@SQL_MODE, SQL_MODE='NO_AUTO_VALUE_ON_ZERO' */;
/*!40111 SET @OLD_SQL_NOTES=@@SQL_NOTES, SQL_NOTES=0 */;

--
-- Temporary view structure for view `accounts`
--

DROP TABLE IF EXISTS `accounts`;
/*!50001 DROP VIEW IF EXISTS `accounts`*/;
SET @saved_cs_client     = @@character_set_client;
/*!50503 SET character_set_client = utf8mb4 */;
/*!50001 CREATE VIEW `accounts` AS SELECT 
 1 AS `TRAN_D`,
 1 AS `TRAN_I`,
 1 AS `OPEN_D`*/;
SET character_set_client = @saved_cs_client;

--
-- Table structure for table `acct_base`
--

DROP TABLE IF EXISTS `acct_base`;
/*!40101 SET @saved_cs_client     = @@character_set_client */;
/*!50503 SET character_set_client = utf8mb4 */;
CREATE TABLE `acct_base` (
  `ACCT_I` varchar(4) NOT NULL,
  `OPEN_D` date DEFAULT NULL,
  `CLSE_D` date DEFAULT NULL,
  `PDCT_TYPE_C` varchar(10) DEFAULT NULL,
  `OPEN_CHNL` varchar(100) DEFAULT NULL,
  `ASST_OPEN_CHNL_DETL` varchar(100) DEFAULT NULL,
  `MOST_FREQ_USED_CHNL` varchar(100) DEFAULT NULL,
  `MOST_FREQ_USED_CHNL_DETL` varchar(100) DEFAULT NULL,
  PRIMARY KEY (`ACCT_I`)
) ENGINE=InnoDB DEFAULT CHARSET=utf8mb4 COLLATE=utf8mb4_0900_ai_ci;
/*!40101 SET character_set_client = @saved_cs_client */;

--
-- Dumping data for table `acct_base`
--

LOCK TABLES `acct_base` WRITE;
/*!40000 ALTER TABLE `acct_base` DISABLE KEYS */;
INSERT INTO `acct_base` VALUES ('1001','1965-11-09','9999-12-31','DEB-01','Assisted','Bundaburg','Assisted','Telephone\r'),('1002','1965-11-09','9999-12-31','DEB-03','Assisted','Bundaburg','Assisted','Telephone\r'),('1003','1986-05-12','9999-12-31','CRD-02','Assisted','Bundaburg','Assisted','Branch\r'),('1005','1994-05-10','9999-12-31','TRD-01','Assisted','Bundaburg','Assisted','Branch\r'),('101','1990-09-02','9999-12-31','DEB-01','Assisted','Bondi, Sydney','Online','Mobile App\r'),('102','1990-09-02','9999-12-31','DEB-03','Assisted','Bondi, Sydney','Online','Mobile App\r'),('103','2010-12-28','9999-12-31','CRD-01','Online',NULL,'Online','Mobile App\r'),('1101','1967-04-04','9999-12-31','DEB-01','Assisted','South Yarra, Melbourne','Online','Mobile App\r'),('1102','1967-04-04','9999-12-31','DEB-03','Assisted','South Yarra, Melbourne','Online','Mobile App\r'),('1103','1984-04-24','9999-12-31','CRD-02','Assisted','South Yarra, Melbourne','Online','Desktop\r'),('1104','1998-04-21','9999-12-31','CRD-03','Assisted','South Yarra, Melbourne','Online','Desktop\r'),('1105','1997-04-21','9999-12-31','TRD-01','Assisted','South Yarra, Melbourne','Online','Mobile App\r'),('1201','1971-04-24','9999-12-31','DEB-01','Assisted','Fremantle, Perth','Assisted','Branch\r'),('1202','1971-04-24','9999-12-31','DEB-03','Assisted','Fremantle, Perth','Assisted','Telephone\r'),('1203','1982-07-27','9999-12-31','CRD-02','Assisted','Fremantle, Perth','Assisted','Telephone\r'),('1204','1995-07-24','9999-12-31','CRD-03','Assisted','Fremantle, Perth','Assisted','Branch\r'),('1205','1995-07-24','9999-12-31','TRD-01','Assisted','Fremantle, Perth','Assisted','Branch\r'),('1301','1972-03-05','9999-12-31','DEB-01','Assisted','Carlton, Melbourne','Assisted','Branch\r'),('1302','1972-03-05','9999-12-31','DEB-03','Assisted','Carlton, Melbourne','Assisted','Telephone\r'),('1303','1989-04-04','9999-12-31','CRD-02','Assisted','Carlton, Melbourne','Assisted','Branch\r'),('1304','2000-04-01','9999-12-31','CRD-03','Online',NULL,'Assisted','Branch\r'),('1305','1999-04-02','9999-12-31','TRD-01','Online',NULL,'Assisted','Branch\r'),('1401','1992-01-02','9999-12-31','DEB-01','Assisted','Byron Bay','Assisted','Branch\r'),('1402','1992-01-02','9999-12-31','DEB-03','Assisted','Byron Bay','Assisted','Branch\r'),('1403','2006-03-29','9999-12-31','CRD-02','Online',NULL,'Assisted','Branch\r'),('1405','2018-03-26','9999-12-31','TRD-01','Online',NULL,'Assisted','Branch\r'),('1501','1983-04-03','9999-12-31','DEB-01','Assisted','Bicheno','Online','Mobile App\r'),('1502','1983-04-03','9999-12-31','DEB-03','Assisted','Bicheno','Online','Mobile App\r'),('1503','2001-01-27','9999-12-31','CRD-02','Online',NULL,'Online','Mobile App\r'),('1504','2011-01-25','9999-12-31','CRD-4','Online',NULL,'Online','Mobile App\r'),('1505','2010-01-25','9999-12-31','TRD-02','Online',NULL,'Online','Desktop\r'),('1601','1956-11-07','9999-12-31','DEB-02','Assisted','Wagga Wagga','Assisted','Telephone\r'),('1602','1956-11-07','9999-12-31','DEB-03','Assisted','Wagga Wagga','Assisted','Branch\r'),('1603','1968-10-29','9999-12-31','CRD-01','Assisted','Wagga Wagga','Assisted','Branch\r'),('1604','1981-10-26','9999-12-31','CRD-4','Assisted','Wagga Wagga','Assisted','Branch\r'),('1605','1980-10-26','9999-12-31','TRD-01','Assisted','Wagga Wagga','Assisted','Telephone\r'),('1701','1977-03-28','9999-12-31','DEB-01','Assisted','Warragul','Online','Mobile App\r'),('1702','1977-03-28','9999-12-31','DEB-03','Assisted','Warragul','Online','Mobile App\r'),('1703','1995-08-30','2020-07-09','CRD-02','Assisted','Warragul','Online','Desktop\r'),('1704','2008-08-26','9999-12-31','CRD-4','Online',NULL,'Online','Mobile App\r'),('1705','2006-08-27','9999-12-31','TRD-02','Online',NULL,'Online','Mobile App\r'),('1801','2017-01-10','2018-12-28','DEB-02','Online',NULL,'Assisted','Branch\r'),('201','1996-08-22','9999-12-31','DEB-01','Assisted','Cootamundra','Online','Mobile App\r'),('202','1996-08-22','9999-12-31','DEB-03','Assisted','Cootamundra','Online','Mobile App\r'),('203','2016-12-23','9999-12-31','CRD-01','Online',NULL,'Online','Desktop\r'),('301','1997-06-28','9999-12-31','DEB-01','Assisted','Gold Coast, Brisbane','Online','Mobile App\r'),('302','1997-06-28','9999-12-31','DEB-03','Assisted','Gold Coast, Brisbane','Online','Mobile App\r'),('303','2009-02-12','9999-12-31','CRD-01','Online',NULL,'Online','Desktop\r'),('401','2002-06-29','9999-12-31','DEB-01','Online',NULL,'Online','Mobile App\r'),('402','2002-06-29','9999-12-31','DEB-03','Online',NULL,'Online','Mobile App\r'),('403','2016-07-24','9999-12-31','CRD-02','Online',NULL,'Online','Mobile App\r'),('501','1996-12-13','9999-12-31','DEB-01','Assisted','Mereweather, Newcastle','Assisted','Telephone\r'),('502','1996-12-13','9999-12-31','DEB-03','Assisted','Mereweather, Newcastle','Assisted','Telephone\r'),('503','2012-09-14','9999-12-31','CRD-01','Online',NULL,'Assisted','Telephone\r'),('601','2000-10-23','9999-12-31','DEB-01','Online',NULL,'Online','Mobile App\r'),('602','2000-10-23','9999-12-31','DEB-03','Online',NULL,'Online','Desktop\r'),('603','2014-08-11','9999-12-31','CRD-02','Online',NULL,'Online','Desktop\r'),('701','1986-11-30','9999-12-31','DEB-01','Assisted','Mt Isa','Assisted','Branch\r'),('702','1986-11-30','9999-12-31','DEB-03','Assisted','Mt Isa','Assisted','Branch\r'),('703','2006-08-26','9999-12-31','CRD-02','Online',NULL,'Assisted','Telephone\r'),('704','2018-11-22','9999-12-31','CRD-03','Online',NULL,'Assisted','Branch\r'),('801','1977-12-02','9999-12-31','DEB-02','Assisted','Martin Place, Sydney','Assisted','Telephone\r'),('802','1977-12-02','9999-12-31','DEB-03','Assisted','Martin Place, Sydney','Assisted','Branch\r'),('803','1992-04-23','9999-12-31','CRD-01','Assisted','Martin Place, Sydney','Assisted','Branch\r'),('804','2003-04-21','9999-12-31','CRD-03','Online',NULL,'Assisted','Telephone\r'),('901','1980-12-07','9999-12-31','DEB-01','Assisted','Blue Mountains, Sydney','Online','Mobile App\r'),('902','1980-12-07','9999-12-31','DEB-03','Assisted','Blue Mountains, Sydney','Online','Mobile App\r'),('903','1994-11-29','9999-12-31','CRD-01','Assisted','Blue Mountains, Sydney','Online','Mobile App\r'),('904','2004-11-26','9999-12-31','CRD-03','Online',NULL,'Online','Mobile App\r'),('905','2008-11-25','9999-12-31','TRD-01','Online',NULL,'Online','Desktop\r');
/*!40000 ALTER TABLE `acct_base` ENABLE KEYS */;
UNLOCK TABLES;

--
-- Table structure for table `cust_acct`
--

DROP TABLE IF EXISTS `cust_acct`;
/*!40101 SET @saved_cs_client     = @@character_set_client */;
/*!50503 SET character_set_client = utf8mb4 */;
CREATE TABLE `cust_acct` (
  `ACCT_I` int NOT NULL,
  `CUST_I` int DEFAULT NULL,
  `CUST_ACCT_REL` varchar(100) DEFAULT NULL,
  PRIMARY KEY (`ACCT_I`)
) ENGINE=InnoDB DEFAULT CHARSET=utf8mb4 COLLATE=utf8mb4_0900_ai_ci;
/*!40101 SET character_set_client = @saved_cs_client */;

--
-- Dumping data for table `cust_acct`
--

LOCK TABLES `cust_acct` WRITE;
/*!40000 ALTER TABLE `cust_acct` DISABLE KEYS */;
INSERT INTO `cust_acct` VALUES (101,88120,'Primary\r'),(102,88120,'Primary\r'),(103,88120,'Primary\r'),(201,83154,'Primary\r'),(202,83154,'Primary\r'),(203,83154,'Primary\r'),(301,54769,'Primary\r'),(302,54769,'Primary\r'),(303,54769,'Primary\r'),(401,93680,'Primary\r'),(402,93680,'Primary\r'),(403,93680,'Primary\r'),(501,19143,'Primary\r'),(502,19143,'Primary\r'),(503,19143,'Primary\r'),(601,91927,'Primary\r'),(602,91927,'Primary\r'),(603,91927,'Primary\r'),(701,66414,'Primary\r'),(702,66414,'Primary\r'),(703,66414,'Primary\r'),(704,66414,'Primary\r'),(801,12970,'Primary\r'),(802,12970,'Primary\r'),(803,12970,'Primary\r'),(804,12970,'Co-holder\r'),(901,44806,'Primary\r'),(902,44806,'Primary\r'),(903,44806,'Primary\r'),(904,44806,'Co-holder\r'),(905,44806,'Primary\r'),(1001,73201,'Primary\r'),(1002,73201,'Co-holder\r'),(1003,73201,'Primary\r'),(1005,73201,'Primary\r'),(1101,20305,'Primary\r'),(1102,20305,'Primary\r'),(1103,20305,'Primary\r'),(1104,20305,'Co-holder\r'),(1105,20305,'Primary\r'),(1201,93509,'Primary\r'),(1202,93509,'Primary\r'),(1203,93509,'Primary\r'),(1204,93509,'Co-holder\r'),(1205,93509,'Primary\r'),(1301,21599,'Primary\r'),(1302,21599,'Co-holder\r'),(1303,21599,'Primary\r'),(1304,21599,'Co-holder\r'),(1305,21599,'Primary\r'),(1401,55357,'Primary\r'),(1402,55357,'Co-holder\r'),(1403,55357,'Primary\r'),(1405,55357,'Primary\r'),(1501,23668,'Primary\r'),(1502,23668,'Co-holder\r'),(1503,23668,'Secondary\r'),(1504,23668,'Co-holder\r'),(1505,23668,'Primary\r'),(1601,58602,'Primary\r'),(1602,58602,'Primary\r'),(1603,58602,'Primary\r'),(1604,58602,'Primary\r'),(1605,58602,'Primary\r'),(1701,35152,'Primary\r'),(1702,35152,'Primary\r'),(1703,35152,'Primary\r'),(1704,35152,'Co-holder\r'),(1705,35152,'Primary\r'),(1801,90389,'Primary\r');
/*!40000 ALTER TABLE `cust_acct` ENABLE KEYS */;
UNLOCK TABLES;

--
-- Table structure for table `cust_base`
--

DROP TABLE IF EXISTS `cust_base`;
/*!40101 SET @saved_cs_client     = @@character_set_client */;
/*!50503 SET character_set_client = utf8mb4 */;
CREATE TABLE `cust_base` (
  `CUST_I` int NOT NULL,
  `SUR_NAME` varchar(100) DEFAULT NULL,
  `FRST_NAME` varchar(100) DEFAULT NULL,
  `CUST_TYPE` varchar(1) DEFAULT NULL,
  `BRTH_DATE` date DEFAULT NULL,
  `JOIN_DATE` date DEFAULT NULL,
  `STATE` varchar(3) DEFAULT NULL,
  `CLST_BRCH` varchar(200) DEFAULT NULL,
  `BRCH_CUST` varchar(1) DEFAULT NULL,
  `DIGI_CUST` varchar(1) DEFAULT NULL,
  `APPL_PAY_ACTV_F` varchar(1) DEFAULT NULL,
  `FWB_NOTF_ACTV_F` varchar(1) DEFAULT NULL,
  `MRKT_DNC_F` varchar(1) DEFAULT NULL,
  `RVNU_YEAR_A` int DEFAULT NULL,
  `SLRY_YEAR_A` int DEFAULT NULL,
  PRIMARY KEY (`CUST_I`)
) ENGINE=InnoDB DEFAULT CHARSET=utf8mb4 COLLATE=utf8mb4_0900_ai_ci;
/*!40101 SET character_set_client = @saved_cs_client */;

--
-- Dumping data for table `cust_base`
--

LOCK TABLES `cust_base` WRITE;
/*!40000 ALTER TABLE `cust_base` DISABLE KEYS */;
INSERT INTO `cust_base` VALUES (12970,NULL,'Richard\'s Consulting ','B','1977-04-17','1981-09-18','NSW','Martin Place, Sydney','0','1','0','1','1',968,3500000),(19143,'Baker','Sibi ','P','1993-08-06','1998-01-09','NSW','Mereweather, Newcastle','0','1','0','1','0',320,200000),(20305,'Minogue','Kylie ','P','1950-03-20','1954-09-07','VIC','South Yarra, Melbourne','1','1','1','0','0',5728,80000),(21599,'Bana','Eric','P','1965-01-31','1968-02-05','VIC','Carlton, Melbourne','1','1','0','0','0',300,250000),(23668,'Smith','Duncan','P','1980-11-02','1980-12-26','TAS','Bicheno','1','1','1','0','0',-579,100000),(35152,'Warne','Shane','P','1974-02-05','1978-11-25','VIC','Warragul','1','0','1','0','0',4287,60000),(44806,'Comyndore','Mark','P','1959-09-26','1963-01-21','NSW','Blue Mountains, Sydney','1','1','1','1','0',10827,4000000),(54769,'Tailor','Patrick ','P','1991-04-13','1993-06-05','QLD','Gold Coast, Brisbane','0','1','1','1','0',23,140000),(55357,'Weaving','Hugo','P','1980-04-02','1984-03-15','NSW','Byron Bay','0','1','0','0','0',278,150000),(58602,'Jackman','Hugh','B','1955-12-28','1958-04-09','NSW','Wagga Wagga','1','1','0','1','1',2496,120000),(66414,'Johnson','Dano ','P','1984-02-17','1988-12-30','QLD','Mt Isa','1','1','0','0','0',1862,150000),(73201,'Conroy','Bruce','P','1970-06-23','1975-09-11','QLD','Bundaburg','0','0','0','0','0',2502,75000),(83154,'Xi','Janet','P','1993-07-05','1996-04-15','NSW','Cootamundra','0','1','1','1','0',50,90000),(88120,'Power','Max','P','1988-12-13','1994-03-29','NSW','Bondi, Sydney','0','1','1','1','0',30,100000),(90389,NULL,'Rogerson\'s Pizza Shop','B','1958-06-30','2017-01-10','NSW','Mullumbimby','0','1','0','0','0',10,5000000),(91927,'Ridgeway','Jessica','P','1985-02-26','1988-10-19','TAS','Sandy Bay, Hobart','1','0','1','1','0',418,120000),(93509,'Everage','Dame Edna','P','1978-12-07','1984-08-28','WA','Fremantle, Perth','1','1','0','0','0',4087,125000),(93680,'Stoneman','Cyrus ','P','1986-09-25','1989-10-26','NSW','Newtown, Sydney','0','1','1','1','0',67,140000);
/*!40000 ALTER TABLE `cust_base` ENABLE KEYS */;
UNLOCK TABLES;

--
-- Table structure for table `pdct_ref`
--

DROP TABLE IF EXISTS `pdct_ref`;
/*!40101 SET @saved_cs_client     = @@character_set_client */;
/*!50503 SET character_set_client = utf8mb4 */;
CREATE TABLE `pdct_ref` (
  `PDCT_TYPE_C` varchar(10) NOT NULL,
  `PDCT_TYPE` varchar(100) DEFAULT NULL,
  `PDCT_TYPE_DETL` varchar(100) DEFAULT NULL,
  `MNTH_FEE_COST` int DEFAULT NULL,
  `EFFT_D` date DEFAULT NULL,
  `EXPY_D` date DEFAULT NULL,
  PRIMARY KEY (`PDCT_TYPE_C`)
) ENGINE=InnoDB DEFAULT CHARSET=utf8mb4 COLLATE=utf8mb4_0900_ai_ci;
/*!40101 SET character_set_client = @saved_cs_client */;

--
-- Dumping data for table `pdct_ref`
--

LOCK TABLES `pdct_ref` WRITE;
/*!40000 ALTER TABLE `pdct_ref` DISABLE KEYS */;
INSERT INTO `pdct_ref` VALUES ('CRD-01','Credit card','Low-fee card',15,'2014-07-01','9999-12-31'),('CRD-02','Credit card','Low-rate card',32,'2014-07-01','9999-12-31'),('CRD-03','Home loan','Fixed rate loan',25,'2015-03-19','9999-12-31'),('CRD-4','Home loan','Variable rate loan',20,'2015-03-19','9999-12-31'),('DEB-01','Transaction','Everyday Account',4,'2005-06-01','9999-12-31'),('DEB-02','Transaction','Business Transaction Account',10,'2005-06-01','2018-05-01'),('DEB-03','Savings','Savings Maximiser',0,'2005-06-01','9999-12-31'),('DEB-04','Transaction','Business Assistant Transaction Account ',25,'2018-05-01','9999-12-31'),('DEB-05','Transaction','Simple Business Transaction Account',0,'2018-05-01','9999-12-31'),('TRD-01','Share Trading Account','Trade and Save',4,'2017-03-10','9999-12-31'),('TRD-02','Share Trading Account','Frequent Trader',0,'2017-03-10','9999-12-31');
/*!40000 ALTER TABLE `pdct_ref` ENABLE KEYS */;
UNLOCK TABLES;

--
-- Table structure for table `tran`
--

DROP TABLE IF EXISTS `tran`;
/*!40101 SET @saved_cs_client     = @@character_set_client */;
/*!50503 SET character_set_client = utf8mb4 */;
CREATE TABLE `tran` (
  `TRAN_I` int NOT NULL,
  `ACCT_I` int DEFAULT NULL,
  `TRAN_D` date DEFAULT NULL,
  `TRAN_TYPE` tinytext,
  `TRAN_BUSN_CATG` tinytext,
  `TRAN_LOCN` tinytext,
  `TRAN_DESC` tinytext,
  `TRAN_A` int DEFAULT NULL,
  PRIMARY KEY (`TRAN_I`)
) ENGINE=InnoDB DEFAULT CHARSET=utf8mb4 COLLATE=utf8mb4_0900_ai_ci;
/*!40101 SET character_set_client = @saved_cs_client */;

--
-- Dumping data for table `tran`
--

LOCK TABLES `tran` WRITE;
/*!40000 ALTER TABLE `tran` DISABLE KEYS */;
INSERT INTO `tran` VALUES (1001,1003,'2017-10-23','Card','Leisure','Perth','Bruce\'s Snorkel Shop, Exmouth PTY LTD',33),(1002,901,'2017-12-05','Transfer',NULL,NULL,'tradeDirect365 BTC',-43725),(1003,601,'2018-04-15','Direct Debit','Utilities',NULL,'Belong Internet PTY LTD',65),(1004,401,'2017-11-03','Transfer',NULL,NULL,'bitFlyer',307),(1005,1603,'2017-09-30','Fee',NULL,NULL,'Cash Advance',147),(1006,801,'2018-01-25','Card','Leisure','Sydney','Bavarian Beer Cafe, The Rocks PTY LTD',56),(1007,801,'2017-09-02','Card','Leisure','Sydney','Sydney Opera House, Sydney Harbour PTY LTD',128),(1008,1001,'2018-04-08','Card','Transport','Overseas','Uber, San Fran Inc',19),(1009,1503,'2017-08-29','Card','Leisure','Sydney','Sunshine Cheap Surf Shop, Manly PTY LTD',38),(1010,1101,'2018-01-28','Transfer',NULL,NULL,'f0n2nd7unsni-BTC',3684),(1011,1203,'2018-03-23','Card','Dining out','Sydney','Sergio\'s Organic Coffee Bar, Surry Hills PTY LTD',9),(1012,601,'2017-12-28','Transfer',NULL,NULL,'Xtrade',682),(1013,1601,'2017-11-05','Transfer',NULL,NULL,'tradeDirect365 BTC',1700),(1014,301,'2017-09-23','Direct Debit','Utilities',NULL,'Belong Internet PTY LTD',68),(1015,501,'2018-04-05','Transfer',NULL,NULL,'CoinSpot',673),(1016,1701,'2018-04-21','Card','Gambling','Sydney','Bankstown RSL Western Sydney',368),(1017,1003,'2017-12-13','Card','Transport','Brisbane','GoGet Car Rentals, Woolloongabba PTY LTD',28),(1018,1201,'2017-10-30','Card','Gambling','Sydney','The Pooches at Wentworth Park',248),(1019,601,'2017-11-16','Card','Leisure','Perth','Ningaloo Snorkelling Escapes, Exmouth PTY LTD',738),(1020,1703,'2017-11-30','Fee',NULL,NULL,'Cash Advance',53),(1021,1401,'2018-01-02','Transfer',NULL,NULL,'shared foxtel',-47),(1022,1603,'2018-04-30','Card','Transport','Brisbane','GoGet Car Rentals, Woolloongabba PTY LTD',27),(1023,401,'2017-10-18','Transfer',NULL,NULL,'danke fur die krankenwagon',45),(1024,1501,'2018-03-25','Direct Debit','Loans & Insurance',NULL,'Nimble Loans PTY LTD',731),(1025,1201,'2017-11-05','ATM Cash Withdrawal',NULL,'Brisbane','Bank of Melbourne ATM Cairns',140),(1026,1703,'2017-12-23','Card','Transport','Perth','Rottnest Island Quokka Ferry, Fremantle PTY LTD',105),(1027,1801,'2017-12-20','Transfer',NULL,NULL,'Coinbase',84697),(1028,601,'2018-04-10','Card','Transport','Perth','Rottnest Island Quokka Ferry, Fremantle PTY LTD',103),(1029,1701,'2018-04-08','ATM Cash Withdrawal',NULL,'Sydney','CBA ATM Narrabeen',30),(1030,1703,'2017-11-14','Card',NULL,NULL,'CEX.IO',1581),(1031,1301,'2017-08-04','Transfer',NULL,NULL,'Buzz Light Beers',-34),(1032,603,'2018-04-20','Card','Leisure','Melbourne','Melbourne Comedy Festival, Yarra PTY LTD',86),(1033,1301,'2018-02-28','Transfer','Gambling',NULL,'unibet',124),(1034,501,'2018-05-28','BPAY','Loans & Insurance',NULL,'Qantas Health Insurance',1854),(1035,101,'2017-11-23','Transfer',NULL,NULL,'ikea house cutlery',31),(1036,601,'2018-01-07','Transfer',NULL,NULL,'sharing petrol for trip',-40),(1037,801,'2018-05-08','Transfer',NULL,NULL,'CoinSpot',673),(1038,101,'2018-03-30','ATM Cash Withdrawal',NULL,'Sydney','Redi ATM Crescent Head',140),(1039,301,'2018-01-08','Direct Debit','Leisure',NULL,'Sydney Morning Herald Subscription PTY LTD',3),(1040,1703,'2018-05-11','Card',NULL,NULL,'ICMarkets BTC',4914),(1041,301,'2018-04-22','Transfer',NULL,NULL,'CoinTree',583),(1042,1403,'2018-05-29','Card','Gambling','Darwin','Darwin Dogs',160),(1043,1403,'2018-05-29','Card','Gambling','Darwin','Darwin Dogs',160),(1044,301,'2017-10-18','Transfer',NULL,NULL,'2nd hand the adventures of tom Jones',-16),(1045,101,'2018-01-19','Card','Leisure','Darwin','Daves Dangerous Crocodile Tours, Kununurra PTY LTD',103),(1046,1301,'2017-11-06','ATM Cash Withdrawal',NULL,'Sydney','ING Bank ATM Pennant Hills',130),(1047,1501,'2018-02-03','Transfer','Gambling',NULL,'TAB',84),(1048,1401,'2018-01-16','Transfer',NULL,NULL,'Coinjar',6812),(1049,201,'2017-12-29','Transfer',NULL,NULL,'luv ya from mum',-27),(1050,1101,'2018-05-20','Card','Dining out','Sydney','KFC, Sydney Town Hall PTY LTD',14),(1051,1001,'2017-10-04','Transfer',NULL,NULL,'coffee',18),(1052,501,'2018-03-13','ATM Cash Withdrawal',NULL,'Wollongong','Royal Bank of Australia ATM Shellharbour',120),(1053,1603,'2018-03-07','Card','Dining out','Melbourne','Bills Breakfast, Hawthorn PTY LTD',70),(1054,1203,'2018-02-18','Card','Transport','Torquay','BP Petrol, Great Ocean Road PTY LTD',67),(1055,1401,'2017-12-10','Card','Transport','Brisbane','GoGet Car Rentals, Woolloongabba PTY LTD',31),(1056,1101,'2017-10-16','Transfer',NULL,NULL,'tea and scones',56),(1057,503,'2018-04-29','Card',NULL,NULL,'Swyftx',270),(1058,1003,'2017-11-05','Card','Groceries','Sydney','Woolworths Supermarket, Wollongong PTY LTD',21),(1059,1201,'2018-03-21','Direct Debit','Leisure',NULL,'F45 Gyms PTY LTD',59),(1060,1701,'2017-08-19','Transfer','Gambling',NULL,'TAB',84),(1061,303,'2017-10-31','Card','Leisure','Sydney','NSW Waratahs Rugby, Paddington PTY LTD',45),(1062,201,'2018-03-10','Transfer',NULL,NULL,'CoinFLEX',382),(1063,301,'2018-01-08','Transfer',NULL,NULL,'eToro BTC',-8310),(1064,601,'2018-03-12','Transfer',NULL,NULL,'happy birthday from Uncle Scrooge',39),(1065,601,'2018-04-08','Transfer',NULL,NULL,'Huobi',310),(1066,1603,'2017-10-31','Fee',NULL,NULL,'Cash Advance',111),(1067,403,'2018-05-19','Card',NULL,NULL,'eToro BTC',615),(1068,1101,'2017-11-27','Transfer',NULL,NULL,'picnic',34),(1069,401,'2017-12-18','Transfer',NULL,NULL,'house clothes rack',46),(1070,1001,'2018-04-23','Transfer',NULL,NULL,'tenkyu kaikai planti',-40),(1071,801,'2017-10-10','Transfer',NULL,NULL,'bacon and egg roll',18),(1072,701,'2018-02-10','Card','Transport','Canberra','Lime Bikes, San Fran Inc',9),(1073,403,'2018-05-30','Fee',NULL,NULL,'Cash Advance',18),(1074,103,'2018-01-06','Card','Transport','Overseas','Uber, San Fran Inc',18),(1075,1403,'2018-04-30','Card','Gambling','Sydney','The Pooches at Wentworth Park',248),(1076,1501,'2017-12-04','Direct Debit','Leisure',NULL,'Ebay Inc',16),(1077,1701,'2018-02-25','Credit','Loans & Insurance',NULL,'CashNGo Loans PTY LTD',-500),(1078,403,'2017-12-11','Card',NULL,NULL,'CoinMama',278),(1079,1701,'2017-10-13','Transfer',NULL,NULL,'coffee',-18),(1080,901,'2017-10-16','ATM Cash Withdrawal',NULL,'Perth','CitiBank ATM Perth CBD',100),(1081,201,'2018-04-03','Card','Dining out','Sydney','Rockpool Fine Dining, Sydney City PTY LTD',255),(1082,601,'2017-12-27','Transfer',NULL,NULL,'covid masks for the salon',31),(1083,1503,'2017-12-03','Card','Transport','Canberra','Lime Bikes, San Fran Inc',9),(1084,1301,'2018-02-05','Direct Debit','Software',NULL,'Norton AntiVirus, USA Inc',15),(1085,403,'2017-11-30','Fee',NULL,NULL,'Cash Advance',86),(1086,601,'2018-02-17','Transfer',NULL,NULL,'grazie mille per il cafe',51),(1087,801,'2018-04-02','Direct Debit','Leisure',NULL,'The Guardian Subscription',20),(1088,401,'2018-03-11','Card','Groceries','Canberra','Coles Supermarket, Barton PTY LTD',84),(1089,1301,'2018-03-10','Transfer',NULL,NULL,'Kraken',4028),(1090,701,'2017-11-26','Transfer',NULL,NULL,'f0n2nd7unsni-BTC',1081),(1091,701,'2017-09-21','Transfer',NULL,NULL,'Plus500 forex',1990),(1092,1401,'2018-03-10','Direct Debit','Leisure',NULL,'British Broadcasting Corporation Subscription',7),(1093,1201,'2018-02-27','Transfer','Gambling',NULL,'Bet365',676),(1094,1301,'2018-05-27','Card','Gambling','Sydney','Randwick Races Sydney',150),(1095,1601,'2017-11-20','ATM Cash Withdrawal',NULL,'Sydney','Royal Bank of Australia ATM Lennox Head',30),(1096,1301,'2018-02-24','Card','Leisure','Melbourne','Melbourne Comedy Festival, Yarra PTY LTD',90),(1097,101,'2017-12-17','Transfer',NULL,NULL,'surf wax',19),(1098,603,'2017-11-23','Card','Leisure','Sydney','Sunshine Cheap Surf Shop, Manly PTY LTD',37),(1099,1501,'2017-12-17','Transfer',NULL,NULL,'David Hasselfroths',-14),(1100,201,'2018-02-22','ATM Cash Withdrawal',NULL,'Darwin','BendigoBank ATM Jabiru',160),(1101,1301,'2017-08-12','Card','Gambling','Sydney','Randwick Races Sydney',150),(1102,403,'2017-12-12','Card','Transport','Overseas','Bolt, Tallin Inc',25),(1103,901,'2017-11-07','Transfer',NULL,NULL,'Albert Pintsteins',32),(1104,203,'2017-11-11','Card','Transport','Adelaide','Adelaide Bus Transport SA PTY LTD',5),(1105,1701,'2018-02-15','Transfer',NULL,NULL,'ramen',52),(1106,1201,'2018-01-06','Card','Gambling','Melbourne','Melbourne Cup Sweeps TAB',200),(1107,1001,'2017-09-19','Direct Debit','Leisure',NULL,'Amazon Prime, Seatle USA Inc',11),(1108,1301,'2017-11-26','Transfer',NULL,NULL,'Coinbase',8371),(1109,1401,'2017-09-19','Card','Leisure','Sydney','Taronga Zoo, Mosman PTY LTD',13),(1110,1301,'2018-01-03','Transfer',NULL,NULL,'thanks mate',49),(1111,801,'2017-11-26','Card','Household','Hobart','Bunnings Warehouse, Grindelwald PTY LTD',31),(1112,501,'2018-05-13','Transfer',NULL,NULL,'merci mon amour tu es magnifique',37),(1113,701,'2018-05-09','Transfer',NULL,NULL,'chores',46),(1114,601,'2017-10-24','Card','Transport','Overseas','Uber, San Fran Inc',23),(1115,201,'2017-09-01','Direct Debit','Leisure',NULL,'Youtube Premium',15),(1116,701,'2017-11-26','Transfer',NULL,NULL,'thx for looking after Wolfie',37),(1117,603,'2017-12-25','Card','Dining out','Sydney','Uber Eats, Syd PTY LTD',46),(1118,301,'2017-12-04','Transfer',NULL,NULL,'eToro BTC',-8310),(1119,501,'2018-04-03','Card','Household','Newcastle','Ikea, Homebush PTY LTD',192),(1120,1101,'2017-09-03','Transfer',NULL,NULL,'owe you for electricity',-18),(1121,1301,'2017-10-24','Card','Gambling','Sydney','The Pooches at Wentworth Park',248),(1122,1401,'2018-02-28','Card','Leisure','Sydney','Bavarian Beer Cafe, The Rocks PTY LTD',61),(1123,301,'2018-05-21','Card','Leisure','Hobart','Museum of Old and New Art, Hobart PTY LTD',33),(1124,1401,'2017-08-25','Transfer',NULL,NULL,'surf leg rope',40),(1125,201,'2017-08-01','Transfer',NULL,NULL,'for 2nd hand surfboard',-58),(1126,801,'2017-10-16','Direct Debit','Leisure',NULL,'Sydney Morning Herald Subscription PTY LTD',3),(1127,1403,'2017-11-30','Fee',NULL,NULL,'Cash Advance',115),(1128,901,'2018-01-14','ATM Cash Withdrawal',NULL,'Perth','BendigoBank ATM Perth CBD',150),(1129,1503,'2017-08-04','Card','Gambling','Wollongong','Dapto Dogs Wollongong',279),(1130,1301,'2017-10-25','Card','Gambling','Darwin','Darwin Dogs',160),(1131,701,'2018-03-28','Direct Debit','Loans & Insurance',NULL,'Commonwealth Bank Credit Card PTY LTD',427),(1132,301,'2018-02-11','Transfer',NULL,NULL,'covid masks for the salon',34),(1133,601,'2018-02-14','ATM Cash Withdrawal',NULL,'Sydney','ING Bank ATM Redhead',190),(1134,201,'2017-11-10','Card','Transport','Overseas','Ola, Delhi Inc',15),(1135,1601,'2018-05-01','Card','Leisure','Sydney','Bavarian Beer Cafe, The Rocks PTY LTD',60),(1136,1701,'2018-02-11','Transfer','Gambling',NULL,'TAB',84),(1137,901,'2017-12-21','Card','Dining out','Sydney','Sergio\'s Organic Coffee Bar, Surry Hills PTY LTD',8),(1138,1703,'2017-10-22','Transfer','Gambling',NULL,'Sportsbet',400),(1139,701,'2017-08-25','Card','Transport','Perth','No Birds Car Rental, Fremantle PTY LTD',433),(1140,1101,'2017-12-25','Direct Debit','Leisure',NULL,'F45 Gyms PTY LTD',62),(1141,1401,'2018-04-27','Card','Leisure','Sydney','Lets Go Surfing Surf School, Bondi Beach PTY LTD',305),(1142,1601,'2018-04-26','Direct Debit','Leisure',NULL,'Ebay Inc',20),(1143,701,'2017-11-25','Card','Groceries','Melbourne','IGA Groceries, Fitzroy PTY LTD',35),(1144,1101,'2018-03-23','Transfer',NULL,NULL,'Coinjar',5298),(1145,501,'2018-01-06','Transfer',NULL,NULL,'Bitfinex',-13214),(1146,1501,'2017-08-24','ATM Cash Withdrawal',NULL,'Brisbane','ANZ ATM Airlie Beach',90),(1147,601,'2018-04-04','Transfer',NULL,NULL,'vegetarian restaurant',36),(1148,1301,'2018-01-09','Transfer','Gambling',NULL,'unibet',124),(1149,1101,'2018-03-03','Transfer',NULL,NULL,'ta for sweeping',43),(1150,901,'2017-08-05','Card','Dining out','Sydney','Marrickville Vietnamese Pork Roll, Marickville PTY LTD',6),(1151,603,'2018-03-28','Card','Leisure','Sydney','NSW Waratahs Rugby, Paddington PTY LTD',45),(1152,301,'2018-05-29','Transfer',NULL,NULL,'CoinMama',278),(1153,1603,'2017-08-19','Card','Dining out','Sydney','KFC, Sydney Town Hall PTY LTD',15),(1154,1101,'2018-05-25','Transfer',NULL,NULL,'bitFlyer',4794),(1155,601,'2018-05-16','Transfer',NULL,NULL,'chrs big chief',11),(1156,1101,'2017-10-26','ATM Cash Withdrawal',NULL,'Wollongong','Royal Bank of Australia ATM Bega',50),(1157,1701,'2018-03-19','Transfer',NULL,NULL,'BitStamp',3364),(1158,801,'2017-11-01','Transfer',NULL,NULL,'2nd hand the adventures of tom Jones',17),(1159,1101,'2018-01-29','Transfer',NULL,NULL,'danke fur die krankenwagon',43),(1160,203,'2017-10-03','Card','Leisure','Sydney','The Ivy Pool Bar, Wynyard PTY LTD',53),(1161,1303,'2017-09-06','Card','Leisure','Sydney','The Ivy Pool Bar, Wynyard PTY LTD',50),(1162,603,'2018-05-30','Fee',NULL,NULL,'Cash Advance',17),(1163,1303,'2018-02-09','Card','Gambling','Brisbane','Brisvegas Casino Brisbane',184),(1164,1303,'2018-02-09','Card','Gambling','Brisbane','Brisvegas Casino Brisbane',184),(1165,1303,'2017-11-10','Card',NULL,NULL,'IG BTC',229),(1166,301,'2018-02-05','Card','Leisure','Sydney','Lets Go Surfing Surf School, Bondi Beach PTY LTD',343),(1167,1203,'2018-01-29','Transfer','Gambling',NULL,'Bet365',676),(1168,903,'2018-01-07','Card','Dining out','Melbourne','Bills Breakfast, Hawthorn PTY LTD',82),(1169,1201,'2017-12-20','Card','Gambling','Sydney','Randwick Races Sydney',150),(1170,303,'2018-01-07','Card','Leisure','Hobart','Museum of Old and New Art, Hobart PTY LTD',32),(1171,1601,'2017-12-15','ATM Cash Withdrawal',NULL,'Wollongong','Redi ATM Shellharbour',50),(1172,603,'2017-12-31','Fee',NULL,NULL,'Cash Advance',20),(1173,1601,'2017-09-04','Direct Debit','Leisure',NULL,'Fitness First Gyms PTY LTD',49),(1174,301,'2017-11-22','Transfer',NULL,NULL,'Froth Whitlams',-25),(1175,601,'2017-09-17','Direct Debit','Loans & Insurance',NULL,'NRMA Car Insurance PTY LTD',92),(1176,503,'2018-05-03','Card','Leisure','Perth','Bruce\'s Snorkel Shop, Exmouth PTY LTD',28),(1177,201,'2018-02-24','Transfer',NULL,NULL,'Denzel Frothingtons',13),(1178,101,'2018-01-13','Direct Debit','Leisure',NULL,'The Guardian Subscription',24),(1179,301,'2018-01-29','Transfer',NULL,NULL,'CEX.IO',-8310),(1180,1201,'2018-04-21','Transfer',NULL,NULL,'Coinbase',6057),(1181,1601,'2018-04-21','Card','Groceries','Melbourne','IGA Groceries, Fitzroy PTY LTD',38),(1182,601,'2018-03-27','Card','Leisure','Hobart','Museum of Old and New Art, Hobart PTY LTD',32),(1183,1603,'2017-09-26','Card','Leisure','Sydney','Lets Go Surfing Surf School, Bondi Beach PTY LTD',377),(1184,201,'2017-10-08','Direct Debit','Utilities',NULL,'Optus Mobile Internet Plan',30),(1185,103,'2018-04-01','Card','Leisure','Hobart','Museum of Old and New Art, Hobart PTY LTD',26),(1186,401,'2018-03-16','Transfer',NULL,NULL,'chores',-44),(1187,101,'2018-05-15','Card','Dining out','Sydney','Three Williams, Redfern PTY LTD',5),(1188,1201,'2017-08-02','Transfer',NULL,NULL,'dakujem kamarat',36),(1189,1303,'2017-12-25','Card',NULL,NULL,'ICMarkets newsletter subs',1847),(1190,1301,'2017-10-28','Card','Gambling','Brisbane','Brisvegas Casino Brisbane',184),(1191,801,'2017-08-23','Card','Dining out','NSW','Yens Vietnamese, Redfern PTY LTD',17),(1192,1001,'2018-04-08','Direct Debit','Loans & Insurance',NULL,'ING Home Loans PTY LTD',1748),(1193,801,'2017-10-30','ATM Cash Withdrawal',NULL,'Sydney','ANZ ATM Lennox Head',60),(1194,301,'2017-08-03','Direct Debit','Loans & Insurance',NULL,'ING Home Loans PTY LTD',1528),(1195,201,'2018-01-30','ATM Cash Withdrawal',NULL,'Sydney','NAB ATM Redhead',110),(1196,901,'2017-11-30','BPAY','Loans & Insurance',NULL,'Qantas Health Insurance',1821),(1197,1701,'2018-04-20','Transfer','Gambling',NULL,'unibet',124),(1198,1401,'2017-11-19','Card','Leisure','Sydney','Star Gazing Tour, Coonabarrabran PTY LTD',31),(1199,1701,'2017-11-22','Transfer',NULL,NULL,'ta for sweeping',-46),(1200,201,'2017-09-25','Transfer',NULL,NULL,'weeknd concert melbourne',36),(1201,701,'2017-08-23','Transfer',NULL,NULL,'Oprah Tinfreys',49),(1202,201,'2017-12-20','BPAY','Utilities',NULL,'Rent',976),(1203,1201,'2018-04-08','ATM Cash Withdrawal',NULL,'Perth','NAB ATM Fremantle',50),(1204,1503,'2017-10-06','Card','Gambling','Wollongong','Dapto Dogs Wollongong',279),(1205,801,'2018-03-23','Transfer',NULL,NULL,'delicious berries',28),(1206,1801,'2017-12-09','Transfer',NULL,NULL,'tradeDirect365 BTC',87368),(1207,401,'2018-01-28','BPAY','Government',NULL,'Tasmanian National Park Rangers',71),(1208,1403,'2018-03-02','Transfer','Gambling',NULL,'betEasy',405),(1209,1201,'2018-02-14','ATM Cash Withdrawal',NULL,'Sydney','CitiBank ATM Penrith',200),(1210,1201,'2018-05-02','Direct Debit','Education',NULL,'Sydney University',196),(1211,1403,'2018-04-27','Card','Leisure','Sydney','Star Gazing Tour, Coonabarrabran PTY LTD',29),(1212,1203,'2017-09-17','Card','Gambling','Sydney','Randwick Races Sydney',150),(1213,203,'2017-08-02','Card','Transport','Brisbane','GoGet Car Rentals, Woolloongabba PTY LTD',30),(1214,103,'2018-03-13','Card','Leisure','Sydney','Sydney Opera House, Sydney Harbour PTY LTD',141),(1215,1203,'2017-08-05','Card','Dining out','Sydney','Rockpool Fine Dining, Sydney City PTY LTD',258),(1216,1703,'2017-12-31','Fee',NULL,NULL,'Cash Advance',455),(1217,1601,'2018-01-02','Transfer',NULL,NULL,'I opened you bottle of wine sorry',52),(1218,1001,'2018-02-22','Direct Debit','Leisure',NULL,'Amazon Prime, Seatle USA Inc',11),(1219,1503,'2018-04-02','Card','Leisure','Perth','Ningaloo Snorkelling Escapes, Exmouth PTY LTD',756),(1220,1201,'2017-10-21','Card','Gambling','Sydney','Bankstown RSL Western Sydney',368),(1221,801,'2018-01-11','ATM Cash Withdrawal',NULL,'Sydney','QuikCash ATM Newcastle City',120),(1222,401,'2017-10-15','ATM Cash Withdrawal',NULL,'Sydney','BendigoBank ATM Manly',50),(1223,301,'2018-04-02','Card','Transport','Canberra','Lime Bikes, San Fran Inc',9),(1224,1601,'2018-03-31','Transfer',NULL,NULL,'Plus500 BTC',3867),(1225,1501,'2018-02-10','Transfer',NULL,NULL,'f0n2nd7unsni-BTC',3684),(1226,1603,'2017-10-27','Card',NULL,NULL,'CoinSpot',3702),(1227,601,'2018-03-17','ATM Cash Withdrawal',NULL,'Wollongong','ING Bank ATM Shellharbour',130),(1228,1403,'2017-12-31','Transfer','Gambling',NULL,'Sportsbet',400),(1229,1101,'2018-01-26','Direct Debit','Loans & Insurance',NULL,'NRMA Car Insurance PTY LTD',105),(1230,1401,'2018-01-04','ATM Cash Withdrawal',NULL,'Sydney','ING Bank ATM Broken Hill',120),(1231,1303,'2018-05-16','Card',NULL,NULL,'f0n2nd7unsni-BTC',3684),(1232,1701,'2018-03-11','Transfer','Gambling',NULL,'Sportsbet',400),(1233,1801,'2017-11-17','Transfer',NULL,NULL,'IG BTC',65483),(1234,1401,'2017-09-27','ATM Cash Withdrawal',NULL,'Darwin','ING Bank ATM Kununurra',190),(1235,801,'2018-03-03','ATM Cash Withdrawal',NULL,'Sydney','Westpac ATM Kings Cross',200),(1236,503,'2017-09-24','Card','Dining out','Sydney','McDonalds, Wolloomolloo PTY LTD',18),(1237,1501,'2018-01-22','Card','Gambling','Sydney','Bankstown RSL Western Sydney',368),(1238,701,'2017-08-10','BPAY','Loans & Insurance',NULL,'Qantas Home Insurance',1189),(1239,1503,'2018-03-30','Card','Leisure','Sydney','The Friend in Hand Pub, Glebe PTY LTD',25),(1240,1403,'2017-12-16','Card','Leisure','Sydney','Hoyts Cinema, George St  PTY LTD',40),(1241,1001,'2018-04-16','Transfer',NULL,NULL,'daal for lunch',59),(1242,101,'2018-04-02','Card','Dining out','Sydney','Three Williams, Redfern PTY LTD',5),(1243,401,'2018-04-21','Transfer',NULL,NULL,'thanks mate',44),(1244,1701,'2018-01-07','Transfer',NULL,NULL,'Coinbase AU 829611',553),(1245,1201,'2018-01-18','Direct Debit','Leisure',NULL,'Amazon Prime, Seatle USA Inc',11),(1246,1203,'2018-01-05','Card','Groceries','Melbourne','IGA Groceries, Fitzroy PTY LTD',39),(1247,301,'2018-03-04','Card','Leisure','Perth','Bruce\'s Snorkel Shop, Exmouth PTY LTD',32),(1248,1501,'2018-04-24','Card','Dining out','Sydney','Fatimas Lebanese Restaurant, Surry Hills PTY LTD',14),(1249,1403,'2018-02-14','Card','Transport','Canberra','Lime Bikes, San Fran Inc',8),(1250,701,'2018-01-24','Transfer',NULL,NULL,'coffee',15),(1251,501,'2017-11-10','ATM Cash Withdrawal',NULL,'Sydney','CBA ATM Narrabeen',50),(1252,801,'2018-02-04','Transfer',NULL,NULL,'shared rent for 456 Kangaroo Lane',57),(1253,1001,'2018-05-28','Transfer',NULL,NULL,'avatrade',2318),(1254,1401,'2017-10-13','Transfer',NULL,NULL,'cheers for KFC',54),(1255,801,'2018-05-16','BPAY','Government',NULL,'SA Roads and Maritime Authority',160),(1256,1201,'2018-01-28','ATM Cash Withdrawal',NULL,'Sydney','ING Bank ATM Kangaroo Valley',60),(1257,1203,'2017-11-29','Transfer','Gambling',NULL,'TAB',84),(1258,401,'2017-09-14','Card','Groceries','Canberra','Jim\'s Mowing, Deakon PTY LTD',36),(1259,1103,'2018-05-26','Card','Groceries','Sydney','Jane\'s Wholesome HealthFoods, Bondi Beach PTY LTD',117),(1260,701,'2018-04-13','Direct Debit','Utilities',NULL,'Belong Internet PTY LTD',74),(1261,1601,'2018-01-19','BPAY','Government',NULL,'VIC State Debt Recovery Speeding Fines',373),(1262,403,'2018-02-08','Card','Leisure','Hobart','Strike Bowling and Laser Tag, Hobart PTY LTD',16),(1263,401,'2017-12-09','Transfer',NULL,NULL,'Coinjar AU 933',349),(1264,1001,'2018-03-04','Transfer',NULL,NULL,'BuyBIT',1662),(1265,1601,'2017-10-11','Transfer',NULL,NULL,'CMCMarkets',2325),(1266,1503,'2017-11-04','Card','Gambling','Brisbane','Brisvegas Casino Brisbane',184),(1267,1603,'2018-03-31','Fee',NULL,NULL,'Cash Advance',67),(1268,501,'2018-02-17','Transfer',NULL,NULL,'cheers mate',57),(1269,1701,'2017-08-28','Card','Dining out','NSW','Yens Vietnamese, Redfern PTY LTD',18),(1270,403,'2018-01-10','Card','Leisure','Darwin','Daves Dangerous Crocodile Tours, Kununurra PTY LTD',106),(1271,1501,'2018-02-08','Transfer',NULL,NULL,'mojito cocktails',19),(1272,1501,'2018-05-19','Card','Gambling','Sydney','Bankstown RSL Western Sydney',368),(1273,903,'2017-10-12','Card','Transport','Canberra','Lime Bikes, San Fran Inc',9),(1274,1601,'2017-09-07','Transfer',NULL,NULL,'CMCMarkets',2325),(1275,1201,'2018-04-22','Direct Debit','Education',NULL,'Monash University',224),(1276,1403,'2018-04-30','Fee',NULL,NULL,'Cash Advance',67),(1277,1503,'2017-12-31','Fee',NULL,NULL,'Cash Advance',51),(1278,1201,'2017-08-21','ATM Cash Withdrawal',NULL,'Sydney','ING Bank ATM Lennox Head',100),(1279,1403,'2017-11-04','Transfer','Gambling',NULL,'betEasy',405),(1280,1001,'2018-05-09','Transfer',NULL,NULL,'shallot pancake',15),(1281,1401,'2018-02-15','Transfer',NULL,NULL,'tenkyu kaikai planti',-36),(1282,1003,'2017-09-26','Card','Transport','Port Macquarie','Caltex, Kew PTY LTD',91),(1283,701,'2018-03-13','Transfer',NULL,NULL,'Thanks for building the dataset Max Cordony',45),(1284,103,'2018-02-02','Card','Groceries','Canberra','Coles Supermarket, Barton PTY LTD',101),(1285,703,'2018-04-16','Card','Transport','Adelaide','Nullabor Trains, Davoren Park PTY LTD',151),(1286,1403,'2018-03-12','Card',NULL,NULL,'Coinbase',6057),(1287,1301,'2018-05-31','ATM Cash Withdrawal',NULL,'Brisbane','CBA ATM Cairns',200),(1288,1303,'2018-04-20','Card','Dining out','Sydney','KFC, Sydney Town Hall PTY LTD',13),(1289,1701,'2017-09-27','Transfer','Gambling',NULL,'Ladbrokes',171),(1290,1701,'2017-08-28','Transfer','Gambling',NULL,'unibet',124),(1291,1701,'2017-09-18','Card','Gambling','Brisbane','Brisvegas Casino Brisbane',184),(1292,401,'2017-11-24','Card','Transport','Torquay','BP Petrol, Great Ocean Road PTY LTD',79),(1293,903,'2018-04-24','Card','Groceries','Canberra','Coles Supermarket, Barton PTY LTD',83),(1294,201,'2018-04-28','Transfer',NULL,NULL,'pocket money',-20),(1295,1501,'2017-09-25','Card','Gambling','Wollongong','Dapto Dogs Wollongong',279),(1296,1401,'2018-02-04','Card','Gambling','Sydney','Randwick Races Sydney',150),(1297,1201,'2017-08-07','Direct Debit','Loans & Insurance',NULL,'National Australia Bank Cards PTY LTD',356),(1298,1201,'2017-08-07','Direct Debit','Loans & Insurance',NULL,'National Australia Bank Cards PTY LTD',356),(1299,101,'2018-02-19','ATM Cash Withdrawal',NULL,'Brisbane','Bank of Melbourne ATM Cairns',150),(1300,601,'2018-03-20','Direct Debit','Leisure',NULL,'The Guardian Subscription',25),(1301,1601,'2017-12-30','Card','Transport','Overseas','Ola, Delhi Inc',13),(1302,503,'2018-05-30','Fee',NULL,NULL,'Cash Advance',9),(1303,1701,'2017-11-18','Card','Dining out','Sydney','Marrickville Vietnamese Pork Roll, Marickville PTY LTD',7),(1304,1603,'2017-08-19','Transfer','Gambling',NULL,'betEasy',405),(1305,901,'2017-08-15','Transfer',NULL,NULL,'CoinSpot',3702),(1306,501,'2017-11-24','Transfer',NULL,NULL,'tradeDirect365 BTC',585),(1307,1301,'2018-04-19','Transfer',NULL,NULL,'Bitfinex',1816),(1308,1601,'2017-08-17','Transfer',NULL,NULL,'DigitalSurge',4660),(1309,1203,'2018-03-21','Card',NULL,NULL,'DigitalSurge',4660),(1310,1501,'2018-03-08','Direct Debit','Loans & Insurance',NULL,'Tic:Toc Home Loans PTY LTD',1372),(1311,1601,'2017-08-23','Transfer',NULL,NULL,'ikea house cutlery',-39),(1312,1501,'2018-05-15','Direct Debit','Loans & Insurance',NULL,'Nimble Loans PTY LTD',731),(1313,901,'2017-09-25','Direct Debit','Utilities',NULL,'Red Energy Electricity PTY LTD',161),(1314,1403,'2017-08-11','Card','Dining out','Sydney','Sergio\'s Organic Coffee Bar, Surry Hills PTY LTD',8),(1315,901,'2018-04-20','Transfer',NULL,NULL,'picnic',32),(1316,701,'2018-02-01','Transfer','Gambling',NULL,'Ladbrokes',17),(1317,1203,'2017-12-19','Card',NULL,NULL,'CMCMarkets',2325),(1318,1703,'2017-11-07','ATM Cash Withdrawal','Gambling','Sydney','Westpac ATM Pyrmont Sydney',215),(1319,503,'2017-08-07','Card','Leisure','Sydney','Star Gazing Tour, Coonabarrabran PTY LTD',26),(1320,1001,'2018-01-04','Transfer',NULL,NULL,'Coinjar',6812),(1321,1501,'2018-02-12','Card','Gambling','Sydney','Crown Casino',140),(1322,801,'2017-12-06','Direct Debit','Loans & Insurance',NULL,'ING Home Loans PTY LTD',1472),(1323,1401,'2018-04-01','Transfer','Gambling',NULL,'TAB',84),(1324,303,'2018-05-18','Card','Transport','Overseas','Uber, San Fran Inc',21),(1325,401,'2017-10-04','Transfer',NULL,NULL,'bitFlyer',307),(1326,1601,'2018-02-13','Direct Debit','Education',NULL,'Sydney University',181),(1327,503,'2018-03-31','Fee',NULL,NULL,'Cash Advance',6),(1328,1101,'2018-02-19','Card','Household','Newcastle','Target Australia, Wolloomoolloo PTY LTD',47),(1329,701,'2018-02-06','ATM Cash Withdrawal',NULL,'Wollongong','NAB ATM Berry',40),(1330,1703,'2017-09-28','Card','Gambling','Sydney','The Pooches at Wentworth Park',248),(1331,1201,'2018-03-18','Transfer',NULL,NULL,'a loaf of bread for jean valjean ',27),(1332,1501,'2017-08-14','Card','Gambling','Sydney','Randwick Races Sydney',150),(1333,1703,'2018-02-26','Card','Dining out','Sydney','Three Williams, Redfern PTY LTD',5),(1334,401,'2018-02-28','ATM Cash Withdrawal',NULL,'Wollongong','ANZ ATM Berry',150),(1335,603,'2017-11-30','Fee',NULL,NULL,'Cash Advance',112),(1336,1301,'2018-04-06','Card','Gambling','Sydney','Randwick Races Sydney',150),(1337,901,'2018-02-20','Transfer',NULL,NULL,'Ghengis Cans',51),(1338,901,'2018-01-02','Transfer',NULL,NULL,'thx for feeding Barry the Cockatoo',-37),(1339,1703,'2017-12-25','Card',NULL,NULL,'Coinjar',6812),(1340,103,'2017-08-08','Card','Groceries','Sydney','Woolworths Supermarket, Wollongong PTY LTD',19),(1341,403,'2018-04-16','Card','Groceries','Sydney','Woolworths Supermarket, Wollongong PTY LTD',21),(1342,701,'2017-10-23','Transfer',NULL,NULL,'Dame Ednas Beverage',45),(1343,1703,'2018-01-21','Card',NULL,NULL,'Kraken',4028),(1344,201,'2018-04-18','Transfer',NULL,NULL,'tradeDirect365 BTC',585),(1345,1703,'2017-08-26','Card','Gambling','Sydney','Crown Casino',140),(1346,1303,'2017-12-31','Fee',NULL,NULL,'Cash Advance',307),(1347,1203,'2018-03-16','Transfer','Gambling',NULL,'unibet',124),(1348,1001,'2017-12-05','Transfer',NULL,NULL,'DigitalSurge',4660),(1349,1701,'2017-12-05','Direct Debit','Education',NULL,'Monash University',204),(1350,1703,'2017-11-09','Card','Groceries','Sydney','Jane\'s Wholesome HealthFoods, Bondi Beach PTY LTD',117),(1351,1203,'2018-05-30','Fee',NULL,NULL,'Cash Advance',9),(1352,801,'2017-08-22','Transfer',NULL,NULL,'GoMarkets BTC',734),(1353,1303,'2018-03-31','Fee',NULL,NULL,'Cash Advance',131),(1354,1701,'2018-05-24','Transfer',NULL,NULL,'Danke fur die wurst',-32),(1355,1401,'2018-02-10','Card','Gambling','Sydney','Randwick Races Sydney',150),(1356,301,'2017-11-20','Transfer',NULL,NULL,'DigitalSurge',648),(1357,901,'2018-02-13','Card','Dining out','Sydney','Din Tai Fun, Chatswood PTY LTD',105),(1358,1701,'2018-03-09','Card','Dining out','Sydney','Good Chicken, St Leonards PTY LTD',30),(1359,1201,'2017-10-16','Card','Dining out','Sydney','Rockpool Fine Dining, Sydney City PTY LTD',264),(1360,201,'2017-09-14','Transfer',NULL,NULL,'Coinjar',3425),(1361,1601,'2017-09-11','Transfer','Gambling',NULL,'betEasy',405),(1362,1501,'2018-03-24','Card','Dining out','Sydney','McDonalds, Wolloomolloo PTY LTD',16),(1363,601,'2017-08-12','Transfer',NULL,NULL,'house clothes rack',45),(1364,1403,'2017-09-30','Card','Leisure','Perth','Bruce\'s Snorkel Shop, Exmouth PTY LTD',26),(1365,501,'2018-01-31','ATM Cash Withdrawal',NULL,'Sydney','ING Bank ATM Merewether',120),(1366,801,'2017-12-06','ATM Cash Withdrawal',NULL,'Sydney','Westpac ATM Freshwater',140),(1367,1601,'2017-10-28','Card','Gambling','Brisbane','Brisvegas Casino Brisbane',184),(1368,1303,'2017-10-30','Card','Household','Newcastle','Ikea, Homebush PTY LTD',188),(1369,601,'2018-02-01','Card','Household','Hobart','Bunnings Warehouse, Grindelwald PTY LTD',29),(1370,1301,'2017-12-09','Transfer','Gambling',NULL,'Ladbrokes',171),(1371,1501,'2018-02-20','Card','Transport','Port Macquarie','Caltex, Kew PTY LTD',80),(1372,1701,'2017-10-29','Card','Gambling','Darwin','Darwin Dogs',160),(1373,1503,'2017-11-30','Fee',NULL,NULL,'Cash Advance',129),(1374,101,'2017-12-13','Transfer',NULL,NULL,'eToro BTC',615),(1375,401,'2018-04-30','Direct Debit','Utilities',NULL,'Red Energy Electricity PTY LTD',152),(1376,1101,'2018-04-07','Transfer',NULL,NULL,'vegan thai',52),(1377,1301,'2017-09-19','Transfer',NULL,NULL,'covid masks for the salon',29),(1378,1001,'2017-09-15','ATM Cash Withdrawal',NULL,'Sydney','ANZ ATM Seal Rocks',120),(1379,201,'2018-04-18','Transfer',NULL,NULL,'luv ya from mum',28),(1380,1501,'2018-02-14','ATM Cash Withdrawal',NULL,'Sydney','ING Bank ATM Redhead',150),(1381,1601,'2017-12-06','Transfer',NULL,NULL,'GoMarkets BTC',-25323),(1382,1201,'2018-05-26','Card','Gambling','Brisbane','Brisvegas Casino Brisbane',184),(1383,701,'2017-10-24','Transfer','Gambling',NULL,'Bet365',68),(1384,501,'2017-10-14','ATM Cash Withdrawal',NULL,'Sydney','Westpac ATM Newcastle City',70),(1385,803,'2018-04-05','Card','Dining out','Sydney','Rockpool Fine Dining, Sydney City PTY LTD',289),(1386,1201,'2017-12-23','Direct Debit','Education',NULL,'Sydney University',188),(1387,501,'2017-12-02','ATM Cash Withdrawal',NULL,'Sydney','Redi ATM Manly',160),(1388,1001,'2018-03-11','ATM Cash Withdrawal',NULL,'Sydney','CitiBank ATM South West Rocks',30),(1389,403,'2018-03-31','Fee',NULL,NULL,'Cash Advance',9),(1390,601,'2017-09-12','ATM Cash Withdrawal',NULL,'Brisbane','Bank of Melbourne ATM Cairns',120),(1391,1401,'2017-09-19','Transfer',NULL,NULL,'grazie mille per il cafe',59),(1392,1001,'2018-02-02','ATM Cash Withdrawal',NULL,'Brisbane','ING Bank ATM Cairns',160),(1393,1101,'2017-11-20','ATM Cash Withdrawal',NULL,'Melbourne','Westpac ATM Torquay',30),(1394,1101,'2018-03-10','Card','Leisure','Sydney','Star Gazing Tour, Coonabarrabran PTY LTD',29),(1395,1301,'2018-01-22','Transfer',NULL,NULL,'GoMarkets BTC',4996),(1396,1203,'2018-05-22','Card',NULL,NULL,'eToro BTC',291),(1397,503,'2018-04-07','Card','Leisure','Sydney','Taronga Zoo, Mosman PTY LTD',15),(1398,1301,'2017-11-17','Transfer',NULL,NULL,'ramen',64),(1399,101,'2018-04-24','Transfer',NULL,NULL,'Denzel Frothingtons',13),(1400,1701,'2018-01-31','Card','Gambling','Sydney','Crown Casino',140),(1401,1603,'2017-12-05','Card','Gambling','Sydney','Bankstown RSL Western Sydney',368),(1402,501,'2018-02-04','Card','Gambling','Sydney','Crown Casino',14),(1403,501,'2018-01-09','Transfer',NULL,NULL,'Coinbase',-13214),(1404,401,'2018-01-01','Transfer','Gambling',NULL,'betEasy',41),(1405,1601,'2018-01-11','Transfer',NULL,NULL,'Plus500 BTC',-25323),(1406,1501,'2017-08-10','Transfer',NULL,NULL,'William Shakesbeers',58),(1407,701,'2017-09-03','Transfer',NULL,NULL,'spasibo druug',27),(1408,1501,'2017-11-13','Transfer','Gambling',NULL,'Sportsbet',400),(1409,1501,'2018-01-17','ATM Cash Withdrawal',NULL,'Sydney','CitiBank ATM North Curl Curl',70),(1410,901,'2017-08-29','ATM Cash Withdrawal',NULL,'Perth','CitiBank ATM Fremantle',140),(1411,1701,'2017-08-15','Transfer','Gambling',NULL,'betEasy',405),(1412,701,'2018-05-15','Transfer',NULL,NULL,'IG BTC',584),(1413,1501,'2017-08-23','Card','Gambling','Sydney','Crown Casino',140),(1414,1301,'2018-02-01','Card','Gambling','Darwin','Darwin Dogs',160),(1415,601,'2018-05-29','Card','Dining out','Sydney','KFC, Sydney Town Hall PTY LTD',16),(1416,303,'2017-09-06','Card','Dining out','Sydney','McDonalds, Wolloomolloo PTY LTD',18),(1417,601,'2017-10-20','Transfer',NULL,NULL,'merry xmas from Scrooge McDuck',15),(1418,701,'2017-09-30','ATM Cash Withdrawal',NULL,'Perth','Royal Bank of Australia ATM Perth CBD',90),(1419,1201,'2018-03-13','Transfer','Gambling',NULL,'Ladbrokes',171),(1420,1701,'2017-10-07','Transfer','Gambling',NULL,'Sportsbet',400),(1421,1403,'2017-10-06','Card','Gambling','Brisbane','Brisvegas Casino Brisbane',184),(1422,1701,'2017-08-16','Direct Debit','Leisure',NULL,'Youtube Premium',14),(1423,1001,'2017-11-10','Card','Groceries','Sydney','ALDI Supermarket, Manly PTY LTD',53),(1424,1601,'2018-03-16','Transfer',NULL,NULL,'I guess I have to repay you',38),(1425,201,'2017-10-01','Card','Groceries','Canberra','Jim\'s Mowing, Deakon PTY LTD',38),(1426,1301,'2018-04-08','Direct Debit','Loans & Insurance',NULL,'Tic:Toc Home Loans PTY LTD',1558),(1427,1401,'2018-01-31','Card','Gambling','Sydney','Crown Casino',140),(1428,701,'2017-12-19','Transfer',NULL,NULL,'Plus500 forex',1990),(1429,101,'2017-10-06','Transfer',NULL,NULL,'FyH76572TENSF091-ETH',669),(1430,1701,'2018-05-09','Direct Debit','Loans & Insurance',NULL,'CashNGo Loans PTY LTD',85),(1431,101,'2018-02-28','Card','Leisure','Sydney','Surfside Surf Shop, Byron Bay PTY LTD',95),(1432,1601,'2018-02-16','ATM Cash Withdrawal',NULL,'Sydney','Royal Bank of Australia ATM Seal Rocks',200),(1433,1501,'2018-02-14','Direct Debit','Loans & Insurance',NULL,'ING Home Loans PTY LTD',1556),(1434,401,'2018-02-24','Transfer',NULL,NULL,'2nd hand bicycle',-46),(1435,1201,'2017-08-23','Transfer','Gambling',NULL,'unibet',124),(1436,1401,'2018-03-27','Card','Gambling','Sydney','Bankstown RSL Western Sydney',368),(1437,1401,'2018-03-27','Card','Gambling','Sydney','Bankstown RSL Western Sydney',368),(1438,1001,'2018-02-08','Transfer',NULL,NULL,'split Messina ice cream',-31),(1439,1501,'2017-11-11','Direct Debit','Loans & Insurance',NULL,'Commonwealth Bank Credit Card PTY LTD',352),(1440,501,'2017-10-17','Transfer',NULL,NULL,'merci tu as petri de la boue et ten as fait de lor',53),(1441,203,'2017-12-19','Card','Transport','Canberra','Lime Bikes, San Fran Inc',8),(1442,1603,'2018-02-21','Card','Transport','Perth','Rottnest Island Quokka Ferry, Fremantle PTY LTD',90),(1443,1301,'2018-02-05','Transfer',NULL,NULL,'ICMarkets newsletter subs',1847),(1444,1101,'2017-12-17','Card','Leisure','Sydney','The Ivy Pool Bar, Wynyard PTY LTD',53),(1445,403,'2018-03-16','Card',NULL,NULL,'Easymarket',288),(1446,401,'2018-01-27','ATM Cash Withdrawal',NULL,'Sydney','CBA ATM Jindabyne',170),(1447,1603,'2017-12-27','Card','Dining out','Sydney','McDonalds, Wolloomolloo PTY LTD',19),(1448,1501,'2018-03-12','ATM Cash Withdrawal',NULL,'Sydney','Redi ATM Seal Rocks',40),(1449,201,'2018-04-08','ATM Cash Withdrawal',NULL,'Brisbane','BendigoBank ATM Airlie Beach',130),(1450,1601,'2017-08-19','ATM Cash Withdrawal',NULL,'Sydney','Redi ATM Crescent Head',200),(1451,1501,'2017-12-26','Card','Transport','Adelaide','Nullabor Trains, Davoren Park PTY LTD',155),(1452,1701,'2018-05-08','Transfer','Gambling',NULL,'Sportsbet',400),(1453,1401,'2017-08-29','Card','Gambling','Sydney','Randwick Races Sydney',150),(1454,1303,'2017-09-10','Transfer','Gambling',NULL,'Sportsbet',400),(1455,1201,'2017-09-25','ATM Cash Withdrawal',NULL,'Sydney','Westpac ATM Lennox Head',70),(1456,1203,'2017-11-16','Card',NULL,NULL,'BitStamp',3364),(1457,1301,'2017-08-10','Card','Gambling','Sydney','Randwick Races Sydney',150),(1458,1703,'2017-09-12','Card','Dining out','Sydney','McDonalds, Wolloomolloo PTY LTD',19),(1459,301,'2018-02-25','BPAY','Loans & Insurance',NULL,'Qantas Health Insurance',1581),(1460,1101,'2017-12-02','Transfer',NULL,NULL,'Easymarket',2234),(1461,101,'2018-05-22','Transfer',NULL,NULL,'Robert Downey Schooners ',-11),(1462,901,'2017-10-19','Transfer',NULL,NULL,'shallot pancake',-16),(1463,703,'2017-08-01','Card','Dining out','Sydney','Marrickville Vietnamese Pork Roll, Marickville PTY LTD',6),(1464,1301,'2017-10-03','Card','Transport','Port Macquarie','Caltex, Kew PTY LTD',79),(1465,1201,'2017-12-27','ATM Cash Withdrawal',NULL,'Sydney','ANZ ATM Penrith',140),(1466,1603,'2017-10-14','Card','Groceries','Canberra','Coles Supermarket, Barton PTY LTD',83),(1467,801,'2018-05-21','Card','Leisure','Sydney','Scubar Hostel and Travellers Bar, Haymarket PTY LTD',121),(1468,1201,'2018-04-30','ATM Cash Withdrawal','Gambling','Sydney','Westpac ATM Pyrmont Sydney',215),(1469,403,'2018-05-07','Card','Leisure','Sydney','Surfside Surf Shop, Byron Bay PTY LTD',89),(1470,1501,'2017-12-23','Card','Gambling','Wollongong','Dapto Dogs Wollongong',279),(1471,1201,'2017-12-29','Transfer',NULL,NULL,'Doge-xx-74938618',304),(1472,501,'2017-12-12','Card','Gambling','Sydney','Crown Casino',14),(1473,1503,'2018-01-04','Card','Leisure','Hobart','Museum of Old and New Art, Hobart PTY LTD',32),(1474,1101,'2018-05-04','ATM Cash Withdrawal',NULL,'Wollongong','ANZ ATM Berry',50),(1475,1501,'2018-05-15','Transfer',NULL,NULL,'chicken schnitzel',52),(1476,503,'2017-09-30','Fee',NULL,NULL,'Cash Advance',11),(1477,1203,'2018-05-25','Card','Transport','Adelaide','Nullabor Trains, Davoren Park PTY LTD',124),(1478,1501,'2018-01-18','Transfer',NULL,NULL,'ICMarkets BTC',4914),(1479,101,'2018-05-04','ATM Cash Withdrawal',NULL,'Melbourne','Redi ATM Apollo Bay',120),(1480,401,'2018-05-22','Transfer',NULL,NULL,'vielen danke',14),(1481,1701,'2018-02-12','Card','Transport','Perth','Rottnest Island Quokka Ferry, Fremantle PTY LTD',93),(1482,801,'2017-12-12','Card','Transport','Sydney','Qantas Airways, Mascot  PTY LTD',256),(1483,801,'2017-09-24','Transfer',NULL,NULL,'xie xie xin nian kuai le!',57),(1484,1503,'2017-12-12','Card',NULL,NULL,'Huobi',1412),(1485,1701,'2017-12-06','Transfer',NULL,NULL,'Binance',3883),(1486,1103,'2017-08-06','Card','Dining out','Sydney','Din Tai Fun, Chatswood PTY LTD',89),(1487,301,'2017-10-07','Transfer',NULL,NULL,'IG BTC',584),(1488,1101,'2018-05-28','Transfer',NULL,NULL,'vegan thai',60),(1489,1701,'2018-05-03','Direct Debit','Leisure',NULL,'Spotify Inc',13),(1490,1501,'2017-09-07','Direct Debit','Leisure',NULL,'Netflix, Los Gatos CA Inc',16),(1491,701,'2017-09-19','Transfer',NULL,NULL,'Oprah Tinfreys',-48),(1492,1401,'2018-02-10','BPAY','Loans & Insurance',NULL,'Qantas Health Insurance',1662),(1493,1101,'2017-11-20','Transfer',NULL,NULL,'BITMex',2236),(1494,1401,'2017-09-19','Transfer','Gambling',NULL,'Sportsbet',400),(1495,901,'2018-05-05','ATM Cash Withdrawal',NULL,'Wollongong','ING Bank ATM Shellharbour',100),(1496,101,'2018-01-14','ATM Cash Withdrawal',NULL,'Melbourne','NAB ATM Lorne',170),(1497,1501,'2017-08-10','Transfer','Gambling',NULL,'unibet',124),(1498,503,'2018-03-21','Card',NULL,NULL,'Plus500 BTC',191),(1499,703,'2018-05-16','Card','Transport','Brisbane','GoGet Car Rentals, Woolloongabba PTY LTD',28),(1500,1001,'2017-12-04','ATM Cash Withdrawal',NULL,'Sydney','Bank of Melbourne ATM Lennox Head',100),(1501,1401,'2017-11-22','Transfer',NULL,NULL,'Javert will find you',19),(1502,1703,'2017-11-30','Card',NULL,NULL,'Coinbase AU 829612',172),(1503,1301,'2017-08-03','Card','Dining out','NSW','Yens Vietnamese, Redfern PTY LTD',19),(1504,1401,'2017-12-19','Transfer',NULL,NULL,'key and peele show',42),(1505,1401,'2017-12-19','Transfer',NULL,NULL,'key and peele show',42),(1506,601,'2017-08-31','Direct Debit','Leisure',NULL,'Sydney Morning Herald Subscription PTY LTD',3),(1507,1301,'2017-12-16','ATM Cash Withdrawal',NULL,'Sydney','BendigoBank ATM Pennant Hills',100),(1508,1501,'2017-08-07','Card','Gambling','Brisbane','Brisvegas Casino Brisbane',184),(1509,601,'2017-09-08','Transfer',NULL,NULL,'cheerss legend',14),(1510,701,'2017-11-04','Direct Debit','Leisure',NULL,'Amazon Prime, Seatle USA Inc',10),(1511,1401,'2018-05-31','ATM Cash Withdrawal',NULL,'Hobart','ING Bank ATM Binnalong Bay',90),(1512,1703,'2017-12-11','Card',NULL,NULL,'Coinbase',8371),(1513,1601,'2018-03-30','ATM Cash Withdrawal','Gambling','Sydney','Westpac ATM Pyrmont Sydney',215),(1514,603,'2017-08-15','Card','Transport','Overseas','Ola, Delhi Inc',13),(1515,901,'2017-12-18','Direct Debit','Education',NULL,'University of New South Wales',218),(1516,1503,'2018-01-12','Card',NULL,NULL,'Coinbase AU 829613',660),(1517,1301,'2018-01-06','Card','Transport','Torquay','BP Petrol, Great Ocean Road PTY LTD',67),(1518,701,'2017-12-18','ATM Cash Withdrawal',NULL,'Perth','BendigoBank ATM Perth CBD',170),(1519,1703,'2018-04-27','Card',NULL,NULL,'CMCMarkets BTC',1222),(1520,1001,'2018-05-12','ATM Cash Withdrawal',NULL,'Darwin','Redi ATM Kununurra',200),(1521,801,'2018-02-26','ATM Cash Withdrawal',NULL,'Perth','ANZ ATM Perth CBD',170),(1522,1201,'2017-10-26','Direct Debit','Loans & Insurance',NULL,'CBA Home Loans PTY LTD',2427),(1523,1601,'2018-03-25','Card','Gambling','Sydney','The Pooches at Wentworth Park',248),(1524,1701,'2018-04-19','Direct Debit','Loans & Insurance',NULL,'CashNGo Loans PTY LTD',85),(1525,703,'2017-10-10','Card','Transport','Torquay','BP Petrol, Great Ocean Road PTY LTD',86),(1526,901,'2017-08-02','Transfer',NULL,NULL,'I drank some of your milk sorry',-48),(1527,1403,'2018-01-31','Card','Groceries','Canberra','Jim\'s Mowing, Deakon PTY LTD',35),(1528,1501,'2018-04-09','Direct Debit','Loans & Insurance',NULL,'Nimble Loans PTY LTD',731),(1529,801,'2017-12-14','Transfer',NULL,NULL,'Binance',-10426),(1530,603,'2017-10-26','Card','Dining out','NSW','Yens Vietnamese, Redfern PTY LTD',17),(1531,101,'2017-09-05','Transfer',NULL,NULL,'ikea house cutlery',-38),(1532,1401,'2018-04-14','Transfer',NULL,NULL,'gas',43),(1533,403,'2018-04-30','Fee',NULL,NULL,'Cash Advance',20),(1534,601,'2017-12-05','ATM Cash Withdrawal',NULL,'Sydney','QuikCash ATM Pennant Hills',90),(1535,1003,'2018-04-30','Card','Transport','Torquay','BP Petrol, Great Ocean Road PTY LTD',80),(1536,1303,'2018-01-24','Transfer','Gambling',NULL,'TAB',84),(1537,201,'2018-02-17','Transfer',NULL,NULL,'gumtree chairs',-52),(1538,1603,'2018-01-28','Transfer','Gambling',NULL,'betEasy',405),(1539,401,'2018-04-08','Transfer',NULL,NULL,'Coinbase',1181),(1540,1501,'2017-12-03','Transfer',NULL,NULL,'coffe',24),(1541,1503,'2018-02-01','ATM Cash Withdrawal','Gambling','Sydney','Westpac ATM Pyrmont Sydney',215),(1542,1501,'2018-05-20','ATM Cash Withdrawal',NULL,'Darwin','Redi ATM Jabiru',30),(1543,803,'2017-11-14','Card','Dining out','Sydney','McDonalds, Wolloomolloo PTY LTD',18),(1544,1203,'2017-08-19','Card','Gambling','Wollongong','Dapto Dogs Wollongong',279),(1545,1303,'2018-05-28','Card','Household','Hobart','Bunnings Warehouse, Grindelwald PTY LTD',28),(1546,1701,'2017-10-23','Card','Leisure','Sydney','Sydney Opera House, Sydney Harbour PTY LTD',123),(1547,401,'2017-11-09','Direct Debit','Leisure',NULL,'Apple Music Inc',14),(1548,1501,'2017-10-15','Transfer',NULL,NULL,'key and peele show',48),(1549,1701,'2017-10-30','Transfer',NULL,NULL,'CoinMama',3662),(1550,1401,'2017-08-30','Card','Gambling','Brisbane','Brisvegas Casino Brisbane',184),(1551,1001,'2017-12-09','Card','Dining out','NSW','Yens Vietnamese, Redfern PTY LTD',20),(1552,1603,'2017-10-21','Transfer','Gambling',NULL,'unibet',124),(1553,1301,'2018-04-20','ATM Cash Withdrawal','Gambling','Sydney','Westpac ATM Pyrmont Sydney',215),(1554,1703,'2017-08-10','Card','Leisure','Perth','Bruce\'s Snorkel Shop, Exmouth PTY LTD',31),(1555,1503,'2017-11-08','Card',NULL,NULL,'f0n2nd7unsni-BTC',3684),(1556,1403,'2017-11-30','Fee',NULL,NULL,'Cash Advance',115),(1557,1001,'2018-02-06','Transfer',NULL,NULL,'ta for helping clean the backyard son',18),(1558,1601,'2017-09-14','Card','Gambling','Sydney','Randwick Races Sydney',150),(1559,1601,'2017-10-10','Card','Household','Hobart','Bunnings Warehouse, Grindelwald PTY LTD',33),(1560,401,'2017-10-07','Direct Debit','Leisure',NULL,'British Broadcasting Corporation Subscription',9),(1561,501,'2017-10-27','Transfer',NULL,NULL,'ICMarkets',1884),(1562,301,'2017-12-27','ATM Cash Withdrawal',NULL,'Melbourne','QuikCash ATM Apollo Bay',50),(1563,101,'2017-10-07','Transfer',NULL,NULL,'split Messina ice cream',26),(1564,1201,'2017-09-10','Direct Debit','Education',NULL,'Monash University',223),(1565,1401,'2017-10-22','Card','Gambling','Brisbane','Brisvegas Casino Brisbane',184),(1566,1503,'2017-12-31','Card',NULL,NULL,'Doge-xx-74938618',304),(1567,1001,'2017-10-05','ATM Cash Withdrawal',NULL,'Sydney','Westpac ATM Kings Cross',70),(1568,501,'2017-08-31','Transfer',NULL,NULL,'This is less than I owe you',53),(1569,1303,'2018-01-27','Card','Transport','Perth','No Birds Car Rental, Fremantle PTY LTD',489),(1570,601,'2018-03-05','Transfer',NULL,NULL,'Kraken',450),(1571,901,'2018-03-26','Transfer',NULL,NULL,'Plus500 BTC',3867),(1572,303,'2018-03-25','Card','Leisure','Sydney','Star Gazing Tour, Coonabarrabran PTY LTD',31),(1573,1401,'2018-03-19','ATM Cash Withdrawal',NULL,'Sydney','CBA ATM Redhead',140),(1574,1401,'2018-04-25','ATM Cash Withdrawal',NULL,'Canberra','Bank of Melbourne ATM Barton',30),(1575,501,'2017-09-03','Transfer',NULL,NULL,'sharing VPN subscription',-9),(1576,101,'2018-05-15','Transfer',NULL,NULL,'spasibo ',-57),(1577,301,'2018-05-28','Direct Debit','Utilities',NULL,'Belong Internet PTY LTD',71),(1578,303,'2017-12-19','Card','Dining out','Sydney','Din Tai Fun, Chatswood PTY LTD',102),(1579,1101,'2017-11-04','Card','Transport','Torquay','BP Petrol, Great Ocean Road PTY LTD',86),(1580,1301,'2018-01-02','Direct Debit','Leisure',NULL,'F45 Gyms PTY LTD',59),(1581,203,'2017-09-01','Card','Leisure','Sydney','Star Gazing Tour, Coonabarrabran PTY LTD',30),(1582,601,'2017-12-22','Card','Leisure','Sydney','Bavarian Beer Cafe, The Rocks PTY LTD',66),(1583,203,'2018-03-18','Card','Dining out','NSW','Yens Vietnamese, Redfern PTY LTD',20),(1584,1401,'2018-05-11','Transfer','Gambling',NULL,'betEasy',405),(1585,601,'2018-04-06','Transfer',NULL,NULL,'Froth Whitlams',-25),(1586,501,'2018-01-14','Card','Leisure','Sydney','Wildflower Beer Brewery, Marrickville PTY LTD',37),(1587,901,'2018-04-25','Direct Debit','Education',NULL,'University of New South Wales',261),(1588,1503,'2017-12-31','Fee',NULL,NULL,'Cash Advance',51),(1589,1601,'2017-10-02','Card','Gambling','Darwin','Darwin Dogs',160),(1590,603,'2017-12-04','Card',NULL,NULL,'Xtrade',682),(1591,1501,'2018-04-30','Transfer','Gambling',NULL,'betEasy',405),(1592,1601,'2018-02-10','Transfer',NULL,NULL,'picnic',-36),(1593,1403,'2018-04-11','Card',NULL,NULL,'Easymarket',2234),(1594,1501,'2017-09-13','Card','Gambling','Sydney','The Pooches at Wentworth Park',248),(1595,201,'2017-09-07','ATM Cash Withdrawal',NULL,'Perth','NAB ATM Exmouth',80),(1596,1601,'2018-03-30','BPAY','Government',NULL,'NSW State Debt Recovery Parking Fines',113),(1597,801,'2018-01-21','Transfer',NULL,NULL,'delicious berries',30),(1598,103,'2017-09-30','Card','Leisure','Perth','Ningaloo Snorkelling Escapes, Exmouth PTY LTD',651),(1599,1601,'2018-01-31','Transfer',NULL,NULL,'thank for walking Maxie the puppy!',-14),(1600,801,'2017-12-02','Transfer',NULL,NULL,'Michael Brewbles',32),(1601,801,'2017-11-22','Transfer',NULL,NULL,'owe you for electricity',-22),(1602,601,'2018-01-01','Card','Leisure','Sydney','Star Gazing Tour, Coonabarrabran PTY LTD',31),(1603,401,'2017-09-05','Transfer',NULL,NULL,'bahut bahut dhanyavaad',57),(1604,1601,'2018-05-14','ATM Cash Withdrawal',NULL,'Sydney','Westpac ATM Newcastle City',80),(1605,201,'2017-11-06','ATM Cash Withdrawal',NULL,'Melbourne','Redi ATM Fitzroy',50),(1606,901,'2018-03-21','ATM Cash Withdrawal',NULL,'Sydney','Westpac ATM Broken Hill',150),(1607,401,'2018-05-29','Card','Dining out','Sydney','Marrickville Vietnamese Pork Roll, Marickville PTY LTD',7),(1608,1101,'2017-09-07','Transfer',NULL,NULL,'chicken schnitzel',46),(1609,1001,'2017-11-06','Transfer',NULL,NULL,'ice cream delicious',51),(1610,201,'2018-01-06','BPAY','Government',NULL,'NSW State Debt Recovery Parking Fines',131),(1611,1301,'2018-02-23','Transfer',NULL,NULL,'xie xie xin nian kuai le!',65),(1612,1301,'2017-11-08','Direct Debit','Leisure',NULL,'Sydney Morning Herald Subscription PTY LTD',3),(1613,1201,'2018-02-21','Card','Dining out','NSW','Yens Vietnamese, Redfern PTY LTD',16),(1614,1003,'2018-01-07','Card','Leisure','Sydney','Hoyts Cinema, George St  PTY LTD',44),(1615,801,'2018-01-26','Direct Debit','Utilities',NULL,'Origin Electricity PTY LTD',36),(1616,101,'2017-09-11','Transfer',NULL,NULL,'vegan thai',57),(1617,503,'2017-10-31','Fee',NULL,NULL,'Cash Advance',22),(1618,1603,'2018-01-30','Card','Transport','Sydney','Qantas Airways, Mascot  PTY LTD',224),(1619,1203,'2017-11-22','Card','Leisure','Sydney','Lets Go Surfing Surf School, Bondi Beach PTY LTD',318),(1620,1301,'2017-08-02','Transfer',NULL,NULL,'vino rosso darling',19),(1621,1701,'2017-08-16','Transfer','Gambling',NULL,'betEasy',405),(1622,1701,'2017-09-18','Card','Gambling','Melbourne','Melbourne Cup Sweeps TAB',200),(1623,1801,'2017-11-09','Transfer',NULL,NULL,'Coinjar',43050),(1624,1501,'2017-08-08','Direct Debit','Utilities',NULL,'Vodafone Mobile Plan PTY LTD',28),(1625,1101,'2017-10-26','Card','Dining out','Sydney','Sergio\'s Organic Coffee Bar, Surry Hills PTY LTD',7),(1626,201,'2018-05-07','Card','Leisure','Perth','Ningaloo Snorkelling Escapes, Exmouth PTY LTD',624),(1627,1701,'2018-05-15','Direct Debit','Loans & Insurance',NULL,'CashNGo Loans PTY LTD',85),(1628,701,'2017-09-20','Transfer','Gambling',NULL,'Bet365',68),(1629,1501,'2018-01-07','Transfer',NULL,NULL,'Xtrade',1683),(1630,1203,'2017-11-30','Fee',NULL,NULL,'Cash Advance',211),(1631,601,'2017-08-26','Card','Leisure','Sydney','The Friend in Hand Pub, Glebe PTY LTD',26),(1632,801,'2017-08-10','Transfer',NULL,NULL,'Hamilton disney plus',28),(1633,701,'2018-05-02','Card','Gambling','Darwin','Darwin Dogs',16),(1634,801,'2018-02-16','Direct Debit','Leisure',NULL,'New York Times Subscription',5),(1635,701,'2017-12-21','Transfer','Gambling',NULL,'betEasy',41),(1636,1603,'2018-02-28','Card','Gambling','Sydney','The Pooches at Wentworth Park',248),(1637,1501,'2017-10-03','ATM Cash Withdrawal',NULL,'Sydney','Bank of Melbourne ATM Redhead',170),(1638,101,'2018-05-26','Transfer',NULL,NULL,'Swyftx',270),(1639,401,'2017-11-28','ATM Cash Withdrawal',NULL,'Sydney','ING Bank ATM Hat Head',100),(1640,1303,'2018-02-28','Card','Dining out','Sydney','KFC, Sydney Town Hall PTY LTD',16),(1641,601,'2018-05-26','ATM Cash Withdrawal',NULL,'Perth','NAB ATM Esperence',150),(1642,1003,'2017-08-18','Card','Groceries','Sydney','ALDI Supermarket, Manly PTY LTD',55),(1643,1401,'2018-01-03','Transfer',NULL,NULL,'picnic',36),(1644,1701,'2017-09-07','Transfer',NULL,NULL,'donation to Against Malaria Foundation',26),(1645,703,'2018-03-02','Card','Leisure','Sydney','The Ivy Pool Bar, Wynyard PTY LTD',60),(1646,701,'2018-05-06','Direct Debit','Transport',NULL,'GoGet Car Rental PTY LTD',53),(1647,1603,'2017-09-02','ATM Cash Withdrawal','Gambling','Sydney','Westpac ATM Pyrmont Sydney',215),(1648,1601,'2018-05-17','Transfer',NULL,NULL,'vegetarian restaurant',36),(1649,1503,'2017-10-27','Card','Dining out','Sydney','KFC, Sydney Town Hall PTY LTD',16),(1650,1201,'2017-11-27','BPAY','Utilities',NULL,'Rent',812),(1651,1103,'2017-11-11','Card','Leisure','Sydney','The Ivy Pool Bar, Wynyard PTY LTD',64),(1652,1101,'2018-04-30','ATM Cash Withdrawal',NULL,'Melbourne','ANZ ATM Apollo Bay',180),(1653,303,'2017-08-05','Card','Dining out','Melbourne','McDonald\'s Tullamarine International Airport, Melb PTY LTD',14),(1654,1501,'2018-04-16','Transfer','Gambling',NULL,'unibet',124),(1655,1701,'2017-10-25','Transfer','Gambling',NULL,'Sportsbet',400),(1656,1101,'2018-01-10','Transfer',NULL,NULL,'Cryptopia',4201),(1657,1201,'2017-10-04','ATM Cash Withdrawal',NULL,'Sydney','Royal Bank of Australia ATM Broken Hill',200),(1658,1301,'2017-09-08','Card','Gambling','Melbourne','Melbourne Cup Sweeps TAB',200),(1659,401,'2018-04-29','ATM Cash Withdrawal',NULL,'Melbourne','CBA ATM Lorne',130),(1660,501,'2017-12-24','Direct Debit','Leisure',NULL,'British Broadcasting Corporation Subscription',8),(1661,201,'2017-09-02','Card','Dining out','Sydney','Uber Eats, Syd PTY LTD',45),(1662,1101,'2018-02-24','Transfer',NULL,NULL,'aapke uphaar ke liye dhanyavaad',-41),(1663,1503,'2018-04-30','Fee',NULL,NULL,'Cash Advance',111),(1664,1501,'2017-12-02','Transfer',NULL,NULL,'tradeDirect365 BTC',1700),(1665,201,'2017-11-05','Transfer',NULL,NULL,'Coinbase',1931),(1666,1701,'2017-08-04','Transfer',NULL,NULL,'split Messina ice cream',28),(1667,1701,'2018-05-24','Transfer',NULL,NULL,'CMCMarkets BTC',1222),(1668,1201,'2017-10-20','Transfer',NULL,NULL,'$10 owed from Shannon Noll',14),(1669,401,'2017-08-29','Direct Debit','Loans & Insurance',NULL,'ING Home Loans PTY LTD',1591),(1670,901,'2018-01-17','Card','Household','Hobart','Bunnings Warehouse, Grindelwald PTY LTD',31),(1671,1101,'2018-02-26','Transfer',NULL,NULL,'Binance',3883),(1672,1601,'2018-01-12','ATM Cash Withdrawal','Gambling','Sydney','Westpac ATM Pyrmont Sydney',215),(1673,901,'2017-10-22','Transfer',NULL,NULL,'Binance',3883),(1674,803,'2018-03-14','Card','Transport','Adelaide','Nullabor Trains, Davoren Park PTY LTD',133),(1675,1403,'2017-12-31','Fee',NULL,NULL,'Cash Advance',123),(1676,1703,'2018-01-10','Card','Leisure','Melbourne','Melbourne Comedy Festival, Yarra PTY LTD',85),(1677,701,'2018-01-17','Card','Dining out','Sydney','Sergio\'s Organic Coffee Bar, Surry Hills PTY LTD',8),(1678,1203,'2018-04-26','Card',NULL,NULL,'ICMarkets BTC',4914),(1679,801,'2018-04-24','Transfer',NULL,NULL,'thx for looking after Wolfie',-34),(1680,1401,'2017-12-02','Transfer',NULL,NULL,'Plus500 S&P500',1981),(1681,901,'2018-05-22','Transfer',NULL,NULL,'I opened you bottle of wine sorry',55),(1682,1703,'2017-12-31','Fee',NULL,NULL,'Cash Advance',455),(1683,1503,'2017-11-04','Card',NULL,NULL,'ICMarkets',625),(1684,1203,'2018-02-18','Transfer','Gambling',NULL,'Bet365',676),(1685,901,'2018-03-25','Transfer',NULL,NULL,'Albert Pintsteins',32),(1686,1001,'2018-03-20','Transfer',NULL,NULL,'cheers for KFC',57),(1687,1601,'2018-01-16','Card','Transport','Sydney','Qantas Airways, Mascot  PTY LTD',228),(1688,1203,'2017-12-31','Fee',NULL,NULL,'Cash Advance',114),(1689,1601,'2018-04-25','ATM Cash Withdrawal',NULL,'Perth','QuikCash ATM Esperence',180),(1690,1201,'2018-05-13','Transfer',NULL,NULL,'BITMex',2236),(1691,101,'2017-08-22','Card','Leisure','Darwin','Daves Dangerous Crocodile Tours, Kununurra PTY LTD',94),(1692,1501,'2018-01-04','Direct Debit','Utilities',NULL,'Vodafone Mobile Plan PTY LTD',26),(1693,803,'2017-10-15','Card','Leisure','Sydney','The Friend in Hand Pub, Glebe PTY LTD',21),(1694,701,'2018-05-25','Card','Groceries','Melbourne','IGA Groceries, Fitzroy PTY LTD',44),(1695,1603,'2017-09-21','Card',NULL,NULL,'ICMarkets BTC',4914),(1696,1503,'2018-03-07','Card',NULL,NULL,'FTX',2446),(1697,101,'2018-05-09','Direct Debit','Utilities',NULL,'Red Energy Electricity PTY LTD',155),(1698,401,'2018-01-07','Card','Transport','Newcastle','Ferries Transport NSW PTY LTD',6),(1699,1401,'2017-10-25','Transfer','Gambling',NULL,'Ladbrokes',171),(1700,301,'2017-12-30','Transfer',NULL,NULL,'danke fur die krankenwagon',44),(1701,1401,'2017-11-10','Transfer',NULL,NULL,'Coinjar AU 934',154),(1702,1601,'2017-08-25','Card','Gambling','Brisbane','Brisvegas Casino Brisbane',184),(1703,1601,'2018-05-15','ATM Cash Withdrawal','Gambling','Sydney','Westpac ATM Pyrmont Sydney',215),(1704,1203,'2017-11-19','Card',NULL,NULL,'f0n2nd7unsni-BTC',3684),(1705,101,'2018-04-05','ATM Cash Withdrawal',NULL,'Sydney','QuikCash ATM Freshwater',140),(1706,1701,'2017-10-31','Card','Gambling','Sydney','The Pooches at Wentworth Park',248),(1707,1401,'2017-12-12','Direct Debit','Education',NULL,'University of New South Wales',225),(1708,401,'2018-04-03','Card','Leisure','Hobart','Museum of Old and New Art, Hobart PTY LTD',29),(1709,1601,'2017-09-11','Card','Dining out','Sydney','Din Tai Fun, Chatswood PTY LTD',100),(1710,1203,'2018-05-22','Card','Gambling','Darwin','Darwin Dogs',160),(1711,401,'2018-05-17','Transfer',NULL,NULL,'Doge-xx-74938618',561),(1712,901,'2018-05-25','Card','Household','Newcastle','Ikea, Homebush PTY LTD',178),(1713,1601,'2018-05-28','Transfer',NULL,NULL,'Kraken',4028),(1714,901,'2018-01-27','Transfer',NULL,NULL,'CoinTree',-43725),(1715,701,'2017-10-10','Transfer',NULL,NULL,'Hoptimus Primes',-46),(1716,1201,'2017-12-07','Transfer',NULL,NULL,'Robert Downey Schooners ',13),(1717,1701,'2017-10-13','Transfer',NULL,NULL,'2nd hand henry fielding',26),(1718,501,'2018-05-23','ATM Cash Withdrawal',NULL,'Sydney','Redi ATM Jindabyne',30),(1719,601,'2017-11-14','ATM Cash Withdrawal',NULL,'Sydney','Westpac ATM Stockton',80),(1720,301,'2017-08-28','Card','Dining out','Sydney','Sergio\'s Organic Coffee Bar, Surry Hills PTY LTD',8),(1721,1701,'2017-09-03','Card','Gambling','Melbourne','Melbourne Cup Sweeps TAB',200),(1722,1401,'2018-05-27','Card','Dining out','Melbourne','Bills Breakfast, Hawthorn PTY LTD',78),(1723,301,'2018-05-22','Transfer',NULL,NULL,'thnks for dinr',-51),(1724,201,'2018-05-26','Direct Debit','Leisure',NULL,'The Guardian Subscription',21),(1725,1701,'2017-12-14','Transfer',NULL,NULL,'Coinjar',6812),(1726,1501,'2017-10-03','Direct Debit','Loans & Insurance',NULL,'NRMA Car Insurance PTY LTD',108),(1727,503,'2017-12-14','Card','Leisure','Sydney','Improv Theatre Sydney, Redfern PTY LTD',173),(1728,203,'2018-01-08','Card','Household','Darwin','Rebel Sport, Broadway PTY LTD',55),(1729,1701,'2017-11-07','Direct Debit','Leisure',NULL,'Apple Music Inc',14),(1730,501,'2017-10-09','Card','Gambling','Darwin','Darwin Dogs',16),(1731,603,'2018-05-28','Card',NULL,NULL,'Doge-xx-74938618',561),(1732,1301,'2018-04-30','ATM Cash Withdrawal',NULL,'Sydney','Royal Bank of Australia ATM Stockton',160),(1733,1601,'2018-05-09','Transfer',NULL,NULL,'owe you for electricity',-19),(1734,1001,'2017-08-01','Transfer',NULL,NULL,'pub dinner',58),(1735,403,'2017-08-25','Card','Leisure','Darwin','Daves Dangerous Crocodile Tours, Kununurra PTY LTD',96),(1736,1303,'2017-11-30','Fee',NULL,NULL,'Cash Advance',57),(1737,1601,'2017-11-20','Card','Leisure','Sydney','The Friend in Hand Pub, Glebe PTY LTD',26),(1738,1401,'2017-08-02','ATM Cash Withdrawal',NULL,'Sydney','Bank of Melbourne ATM North Curl Curl',30),(1739,601,'2018-02-24','Transfer',NULL,NULL,'long married life from Aunty Dawn',-35),(1740,1101,'2018-03-20','Direct Debit','Leisure',NULL,'Netflix, Los Gatos CA Inc',15),(1741,1403,'2017-11-25','Card','Dining out','Sydney','Uber Eats, Syd PTY LTD',48),(1742,503,'2017-11-22','Card','Transport','Overseas','Uber, San Fran Inc',20),(1743,601,'2018-04-11','Transfer',NULL,NULL,'coffe',-26),(1744,603,'2017-11-27','Card',NULL,NULL,'Coinjar',3425),(1745,1201,'2018-02-09','Card','Gambling','Melbourne','Melbourne Cup Sweeps TAB',200),(1746,1301,'2018-03-12','Direct Debit','Loans & Insurance',NULL,'Tic:Toc Home Loans PTY LTD',1487),(1747,1501,'2017-10-29','Transfer','Gambling',NULL,'Bet365',676),(1748,1501,'2018-05-16','Card','Household','Newcastle','Target Australia, Wolloomoolloo PTY LTD',46),(1749,901,'2017-08-13','Direct Debit','Loans & Insurance',NULL,'ING Home Loans PTY LTD',1823),(1750,1601,'2017-08-13','Transfer',NULL,NULL,'Ghengis Cans',50),(1751,1401,'2018-03-18','Transfer',NULL,NULL,'Plus500 BTC',3867),(1752,1501,'2018-03-04','Card','Gambling','Wollongong','Dapto Dogs Wollongong',279),(1753,1401,'2017-12-24','Card','Gambling','Sydney','The Pooches at Wentworth Park',248),(1754,301,'2018-04-10','ATM Cash Withdrawal',NULL,'Sydney','QuikCash ATM Merewether',150),(1755,601,'2018-04-17','Transfer',NULL,NULL,'ta for helping clean the backyard son',-21),(1756,601,'2017-11-26','Transfer',NULL,NULL,'IG BTC',584),(1757,1501,'2017-09-21','Card','Gambling','Sydney','Bankstown RSL Western Sydney',368),(1758,1703,'2018-04-30','Fee',NULL,NULL,'Cash Advance',37),(1759,1101,'2017-08-25','ATM Cash Withdrawal',NULL,'Sydney','CitiBank ATM Narrabeen',190),(1760,1701,'2018-05-29','Transfer',NULL,NULL,'ikea house cutlery',-38),(1761,1601,'2018-03-22','ATM Cash Withdrawal',NULL,'Melbourne','Westpac ATM Port Fairy',40),(1762,1201,'2017-08-26','Card','Gambling','Melbourne','Melbourne Cup Sweeps TAB',200),(1763,1201,'2017-08-10','Transfer','Gambling',NULL,'Bet365',676),(1764,701,'2017-11-11','Card','Gambling','Wollongong','Dapto Dogs Wollongong',28),(1765,1501,'2018-05-26','Transfer','Gambling',NULL,'TAB',84),(1766,1403,'2018-05-30','Fee',NULL,NULL,'Cash Advance',50),(1767,1801,'2017-12-23','Transfer',NULL,NULL,'Cryptopia',38403),(1768,1301,'2018-03-07','Card','Gambling','Sydney','The Pooches at Wentworth Park',248),(1769,301,'2017-09-18','Transfer',NULL,NULL,'Kraken',450),(1770,1701,'2017-10-21','Direct Debit','Loans & Insurance',NULL,'NRMA Car Insurance PTY LTD',94),(1771,1301,'2018-05-30','Transfer',NULL,NULL,'tradeDirect365 BTC',1700),(1772,1601,'2018-04-20','Transfer','Gambling',NULL,'TAB',84),(1773,201,'2017-08-31','Card','Leisure','Sydney','Taronga Zoo, Mosman PTY LTD',13),(1774,1301,'2017-09-01','ATM Cash Withdrawal',NULL,'Sydney','Bank of Melbourne ATM Broken Hill',80),(1775,703,'2017-12-30','Card','Leisure','Sydney','Surfside Surf Shop, Byron Bay PTY LTD',96),(1776,1801,'2017-11-07','Transfer',NULL,NULL,'Xtrade',60510),(1777,503,'2017-09-27','Card',NULL,NULL,'CoinFLEX',382),(1778,201,'2017-10-16','Transfer',NULL,NULL,'tenkyu tumas surping bigpela si',-42),(1779,801,'2018-03-17','Direct Debit','Utilities',NULL,'Belong Internet PTY LTD',64),(1780,1401,'2018-01-11','Transfer',NULL,NULL,'DigitalSurge',4660),(1781,503,'2018-01-07','Card','Dining out','Sydney','KFC, Sydney Town Hall PTY LTD',13),(1782,1601,'2018-05-29','Transfer','Gambling',NULL,'Sportsbet',400),(1783,601,'2017-10-24','Direct Debit','Transport',NULL,'GoGet Car Rental PTY LTD',61),(1784,1401,'2018-03-04','Transfer',NULL,NULL,'cheers mate',54),(1785,701,'2018-03-25','ATM Cash Withdrawal',NULL,'Brisbane','Royal Bank of Australia ATM Cairns',120),(1786,1403,'2017-12-12','Card',NULL,NULL,'IG BTC',229),(1787,1303,'2017-11-30','Fee',NULL,NULL,'Cash Advance',57),(1788,701,'2017-10-15','Transfer',NULL,NULL,'Swyftx',270),(1789,1501,'2017-10-12','Card','Gambling','Sydney','Crown Casino',140),(1790,1203,'2018-04-28','Transfer','Gambling',NULL,'betEasy',405),(1791,501,'2018-03-25','BPAY','Government',NULL,'NSW State Debt Recovery Parking Fines',131),(1792,1301,'2017-09-18','Transfer',NULL,NULL,'eToro BTC',291),(1793,101,'2017-08-17','ATM Cash Withdrawal',NULL,'Hobart','CBA ATM Binnalong Bay',80),(1794,701,'2017-12-31','Direct Debit','Loans & Insurance',NULL,'Tic:Toc Home Loans PTY LTD',1386),(1795,1001,'2018-05-25','Direct Debit','Education',NULL,'University of New South Wales',257),(1796,401,'2018-02-26','Card','Dining out','Sydney','Uber Eats, Syd PTY LTD',45),(1797,1001,'2017-08-05','Card','Dining out','Melbourne','Bills Breakfast, Hawthorn PTY LTD',69),(1798,1503,'2017-12-18','Transfer','Gambling',NULL,'betEasy',405),(1799,101,'2017-12-28','Card','Dining out','Sydney','Marrickville Vietnamese Pork Roll, Marickville PTY LTD',6),(1800,1703,'2018-03-22','Card',NULL,NULL,'Cryptopia',4201),(1801,401,'2017-09-17','ATM Cash Withdrawal',NULL,'Perth','Redi ATM Exmouth',70),(1802,201,'2018-03-03','ATM Cash Withdrawal',NULL,'Sydney','Redi ATM North Curl Curl',150),(1803,501,'2018-01-21','Direct Debit','Education',NULL,'Sydney University',192),(1804,803,'2018-01-28','Card','Leisure','Sydney','The Friend in Hand Pub, Glebe PTY LTD',23),(1805,901,'2018-04-13','Card','Groceries','Melbourne','IGA Groceries, Fitzroy PTY LTD',44),(1806,1601,'2017-08-13','Card','Gambling','Brisbane','Brisvegas Casino Brisbane',184),(1807,901,'2017-12-02','Transfer',NULL,NULL,'Denzel Frothingtons',12),(1808,1701,'2018-03-02','Transfer','Gambling',NULL,'TAB',84),(1809,1401,'2017-11-07','Card','Gambling','Wollongong','Dapto Dogs Wollongong',279),(1810,1601,'2017-11-15','Transfer','Gambling',NULL,'betEasy',405),(1811,303,'2018-02-11','Card','Transport','Port Macquarie','Caltex, Kew PTY LTD',86),(1812,1501,'2018-03-08','Transfer',NULL,NULL,'thanks for a great dinner',12),(1813,701,'2018-04-25','Transfer',NULL,NULL,'chores',47),(1814,1701,'2018-04-14','Direct Debit','Loans & Insurance',NULL,'CashNGo Loans PTY LTD',85),(1815,1703,'2018-05-23','Card','Transport','Adelaide','Nullabor Trains, Davoren Park PTY LTD',127),(1816,903,'2017-11-25','Card','Leisure','Melbourne','Melbourne Comedy Festival, Yarra PTY LTD',90),(1817,503,'2017-11-30','Fee',NULL,NULL,'Cash Advance',10),(1818,801,'2017-11-11','Transfer',NULL,NULL,'Coinjar AU 932',514),(1819,1403,'2017-12-31','Fee',NULL,NULL,'Cash Advance',123),(1820,901,'2017-10-25','BPAY','Loans & Insurance',NULL,'Qantas Health Insurance',1918),(1821,1301,'2018-05-01','Transfer',NULL,NULL,'Monica Brewinskis',50),(1822,603,'2018-02-22','Card','Transport','Newcastle','Ferries Transport NSW PTY LTD',6),(1823,1101,'2018-02-08','Transfer',NULL,NULL,'grazie mille per il cafe',54),(1824,701,'2018-04-11','Transfer',NULL,NULL,'ice creams',-50),(1825,1501,'2017-11-20','ATM Cash Withdrawal',NULL,'Sydney','ING Bank ATM Narrabeen',30),(1826,101,'2017-11-30','Transfer',NULL,NULL,'Coinbase',1931),(1827,801,'2018-04-02','Card','Dining out','Melbourne','Bills Breakfast, Hawthorn PTY LTD',76),(1828,501,'2017-12-04','Card','Transport','Port Macquarie','Caltex, Kew PTY LTD',94),(1829,1301,'2018-01-08','Transfer',NULL,NULL,'Plus500 forex',1460),(1830,301,'2017-12-30','Card','Dining out','Sydney','Fatimas Lebanese Restaurant, Surry Hills PTY LTD',15),(1831,1603,'2018-03-07','Card',NULL,NULL,'Easymarket',2234),(1832,901,'2018-03-20','Direct Debit','Education',NULL,'Sydney University',182),(1833,1401,'2018-04-08','Transfer',NULL,NULL,'Doge-xx-74938618',304),(1834,901,'2017-09-29','Transfer',NULL,NULL,'thanks for cooking',35),(1835,1301,'2018-03-09','Transfer',NULL,NULL,'gas for motorbike',18),(1836,1301,'2018-04-11','Card','Household','Darwin','Rebel Sport, Broadway PTY LTD',61),(1837,1501,'2018-05-31','Card','Gambling','Sydney','Crown Casino',140),(1838,903,'2018-05-08','Card','Leisure','Sydney','Hoyts Cinema, George St  PTY LTD',36),(1839,801,'2018-02-22','Card','Transport','Perth','Rottnest Island Quokka Ferry, Fremantle PTY LTD',92),(1840,1501,'2018-05-12','Direct Debit','Loans & Insurance',NULL,'Nimble Loans PTY LTD',731),(1841,201,'2018-03-14','BPAY','Loans & Insurance',NULL,'Qantas Health Insurance',1651),(1842,803,'2017-12-25','Card','Transport','Overseas','Bolt, Tallin Inc',25),(1843,901,'2017-09-19','Transfer',NULL,NULL,'You won the bet',-40),(1844,1001,'2017-11-21','Transfer',NULL,NULL,'GoMarkets BTC',4996),(1845,1701,'2017-12-31','Card','Leisure','Sydney','Hoyts Cinema, George St  PTY LTD',39),(1846,1303,'2018-03-04','Card','Household','Newcastle','Target Australia, Wolloomoolloo PTY LTD',54),(1847,1501,'2018-04-02','ATM Cash Withdrawal',NULL,'Sydney','Royal Bank of Australia ATM Seal Rocks',180),(1848,1601,'2017-09-03','Transfer',NULL,NULL,'surf wax',-20),(1849,1601,'2018-01-14','ATM Cash Withdrawal',NULL,'Sydney','QuikCash ATM Mudgee',50),(1850,1503,'2018-03-31','Fee',NULL,NULL,'Cash Advance',73),(1851,1301,'2017-08-05','ATM Cash Withdrawal',NULL,'Brisbane','ING Bank ATM Airlie Beach',110),(1852,1201,'2018-05-11','Card','Leisure','Sydney','Bavarian Beer Cafe, The Rocks PTY LTD',64),(1853,501,'2018-03-03','Transfer',NULL,NULL,'Michael Brewbles',34),(1854,1703,'2018-05-30','Fee',NULL,NULL,'Cash Advance',147),(1855,501,'2017-08-15','Direct Debit','Software',NULL,'Norton AntiVirus, USA Inc',13),(1856,301,'2017-11-24','BPAY','Loans & Insurance',NULL,'Qantas Health Insurance',1743),(1857,701,'2017-12-20','Card','Transport','Torquay','BP Petrol, Great Ocean Road PTY LTD',73),(1858,1203,'2017-12-31','Fee',NULL,NULL,'Cash Advance',114),(1859,1403,'2017-11-01','Card',NULL,NULL,'Plus500 S&P500',1981),(1860,1501,'2018-04-14','Card','Gambling','Sydney','Randwick Races Sydney',150),(1861,1303,'2017-12-31','Fee',NULL,NULL,'Cash Advance',307),(1862,1201,'2018-05-30','ATM Cash Withdrawal',NULL,'Perth','Royal Bank of Australia ATM Fremantle',200),(1863,1501,'2017-08-25','Card','Transport','Newcastle','Ferries Transport NSW PTY LTD',6),(1864,1203,'2018-03-31','Fee',NULL,NULL,'Cash Advance',140),(1865,701,'2018-03-17','Transfer','Gambling',NULL,'betEasy',41),(1866,1101,'2018-01-02','Transfer',NULL,NULL,'xie xie wucan',-18),(1867,403,'2018-04-27','Card',NULL,NULL,'BITMex',663),(1868,901,'2018-04-19','ATM Cash Withdrawal',NULL,'Sydney','QuikCash ATM Manly',200),(1869,1201,'2018-02-02','Transfer',NULL,NULL,'Coinbase',8371),(1870,103,'2017-10-17','Card','Leisure','Perth','Ningaloo Snorkelling Escapes, Exmouth PTY LTD',725),(1871,1103,'2018-04-09','Card','Dining out','Sydney','KFC, Sydney Town Hall PTY LTD',16),(1872,401,'2017-09-13','Direct Debit','Loans & Insurance',NULL,'CBA Home Loans PTY LTD',2624),(1873,303,'2018-04-30','Card','Leisure','Sydney','Sydney Opera House, Sydney Harbour PTY LTD',148),(1874,1601,'2018-02-15','Transfer','Gambling',NULL,'betEasy',405),(1875,801,'2017-09-06','Transfer',NULL,NULL,'BTC',594),(1876,801,'2018-04-23','Transfer',NULL,NULL,'ta for helping clean the backyard son',18),(1877,603,'2017-11-30','Fee',NULL,NULL,'Cash Advance',112),(1878,801,'2018-03-09','Transfer',NULL,NULL,'Coinbase',1181),(1879,1501,'2018-02-02','Card','Gambling','Wollongong','Dapto Dogs Wollongong',279),(1880,1701,'2018-03-27','BPAY','Utilities',NULL,'Rent',1014),(1881,1501,'2017-11-22','Transfer',NULL,NULL,'tenkyu kaikai planti',-35),(1882,1203,'2017-12-01','Transfer','Gambling',NULL,'Sportsbet',400),(1883,1401,'2017-08-13','Card','Gambling','Darwin','Darwin Dogs',160),(1884,1203,'2018-04-30','Fee',NULL,NULL,'Cash Advance',147),(1885,601,'2018-02-18','Direct Debit','Loans & Insurance',NULL,'ING Home Loans PTY LTD',1625),(1886,401,'2018-03-23','ATM Cash Withdrawal',NULL,'Sydney','Royal Bank of Australia ATM North Curl Curl',170),(1887,1603,'2018-05-11','Card','Leisure','Perth','Ningaloo Snorkelling Escapes, Exmouth PTY LTD',739),(1888,1701,'2017-10-21','Card','Gambling','Wollongong','Dapto Dogs Wollongong',279),(1889,1303,'2018-05-16','Transfer','Gambling',NULL,'TAB',84),(1890,1103,'2018-02-05','Card','Transport','Port Macquarie','Caltex, Kew PTY LTD',86),(1891,603,'2017-09-06','Card','Leisure','Sydney','Surfside Surf Shop, Byron Bay PTY LTD',87),(1892,501,'2018-04-06','ATM Cash Withdrawal',NULL,'Hobart','NAB ATM Binnalong Bay',170),(1893,1003,'2018-02-08','Card','Leisure','Sydney','Taronga Zoo, Mosman PTY LTD',14),(1894,1501,'2017-10-25','Card','Dining out','Sydney','Good Chicken, St Leonards PTY LTD',25),(1895,401,'2018-05-26','ATM Cash Withdrawal',NULL,'Perth','ANZ ATM Exmouth',160),(1896,501,'2018-03-14','Transfer',NULL,NULL,'ICMarkets BTC',396),(1897,901,'2018-03-20','Transfer',NULL,NULL,'happy birthday from Uncle Scrooge',-37),(1898,301,'2018-05-24','Transfer',NULL,NULL,'2nd hand jumper',50),(1899,1303,'2017-10-01','Transfer','Gambling',NULL,'TAB',84),(1900,501,'2017-11-05','Card','Gambling','Sydney','The Pooches at Wentworth Park',25),(1901,1301,'2017-09-16','Card','Dining out','Melbourne','Tonys Pizza, Carlton PTY LTD',46),(1902,401,'2018-02-06','Card','Gambling','Sydney','Bankstown RSL Western Sydney',37),(1903,1401,'2017-10-19','Transfer','Gambling',NULL,'Ladbrokes',171),(1904,101,'2018-04-21','Transfer',NULL,NULL,'Xtrade',682),(1905,1701,'2018-04-21','Direct Debit','Leisure',NULL,'Apple Music Inc',15),(1906,503,'2018-05-12','Card',NULL,NULL,'Huobi',310),(1907,901,'2017-11-28','ATM Cash Withdrawal',NULL,'Sydney','ING Bank ATM Lennox Head',140),(1908,1501,'2017-09-07','Card','Gambling','Sydney','Crown Casino',140),(1909,201,'2017-11-18','Transfer',NULL,NULL,'happy birthday from Uncle Scrooge',40),(1910,1503,'2018-02-08','Card','Transport','Sydney','Qantas Airways, Mascot  PTY LTD',243),(1911,201,'2018-01-30','Transfer',NULL,NULL,'2nd hand henry fielding',29),(1912,201,'2018-02-14','Transfer',NULL,NULL,'merci d\'avoir tout nettoyer',-21),(1913,1601,'2017-12-18','Direct Debit','Loans & Insurance',NULL,'NRMA Car Insurance PTY LTD',113),(1914,1301,'2017-09-27','Transfer','Gambling',NULL,'betEasy',405),(1915,1503,'2017-11-18','Card','Transport','Canberra','Lime Bikes, San Fran Inc',8),(1916,101,'2017-12-22','Direct Debit','Utilities',NULL,'iiNet Internet PTY LTD',57),(1917,1201,'2018-02-16','Direct Debit','Leisure',NULL,'The Guardian Subscription',20),(1918,803,'2017-09-13','Card','Leisure','Sydney','Improv Theatre Sydney, Redfern PTY LTD',170),(1919,1701,'2018-02-02','Direct Debit','Leisure',NULL,'Apple Music Inc',15),(1920,703,'2018-01-25','Card','Dining out','Melbourne','Tonys Pizza, Carlton PTY LTD',53),(1921,201,'2017-12-20','ATM Cash Withdrawal',NULL,'Wollongong','ANZ ATM Berry',120),(1922,1501,'2018-01-20','Transfer',NULL,NULL,'CoinFLEX',4367),(1923,1701,'2018-03-03','Transfer','Gambling',NULL,'TAB',84),(1924,1701,'2018-04-22','Card','Dining out','Sydney','McDonalds, Wolloomolloo PTY LTD',15),(1925,201,'2017-08-28','BPAY','Government',NULL,'NSW State Debt Recovery Parking Fines',124),(1926,1601,'2017-11-26','Direct Debit','Utilities',NULL,'Optus Mobile Internet Plan',31),(1927,701,'2018-05-12','ATM Cash Withdrawal',NULL,'Sydney','ING Bank ATM Broken Hill',180),(1928,101,'2018-03-07','Transfer',NULL,NULL,'Danke fur die wurst',28),(1929,1801,'2017-12-07','Transfer',NULL,NULL,'CoinFLEX',60952),(1930,1201,'2018-01-20','Transfer',NULL,NULL,'Coinjar AU 934',154),(1931,701,'2017-10-14','Card','Groceries','Sydney','ALDI Supermarket, Manly PTY LTD',48),(1932,1601,'2017-12-20','Transfer',NULL,NULL,'Scooey Scooey Moi Mois',22),(1933,203,'2018-05-21','Card','Leisure','Sydney','Bavarian Beer Cafe, The Rocks PTY LTD',66),(1934,1201,'2017-09-09','Card','Gambling','Sydney','Bankstown RSL Western Sydney',368),(1935,203,'2018-02-17','Card','Groceries','Sydney','Woolworths Supermarket, Wollongong PTY LTD',18),(1936,1603,'2017-11-17','Transfer','Gambling',NULL,'betEasy',405),(1937,101,'2017-10-14','Card','Dining out','Sydney','KFC, Sydney Town Hall PTY LTD',16),(1938,1603,'2017-11-06','Card','Dining out','Sydney','Rockpool Fine Dining, Sydney City PTY LTD',250),(1939,1501,'2018-01-20','Transfer',NULL,NULL,'Coinjar AU 934',154),(1940,101,'2018-01-19','Transfer',NULL,NULL,'tnx darling',61),(1941,301,'2017-10-15','Direct Debit','Leisure',NULL,'Netflix, Los Gatos CA Inc',16),(1942,1501,'2017-12-04','Transfer',NULL,NULL,'Xtrade',1683),(1943,1303,'2017-11-02','Card','Dining out','Sydney','Three Williams, Redfern PTY LTD',5),(1944,401,'2017-12-30','Card','Leisure','Sydney','Scubar Hostel and Travellers Bar, Haymarket PTY LTD',121),(1945,903,'2017-08-22','Card','Leisure','Sydney','Sydney Opera House, Sydney Harbour PTY LTD',124),(1946,1401,'2018-02-15','Transfer',NULL,NULL,'Please sir, can I have some more',15),(1947,1701,'2017-12-30','Card','Gambling','Sydney','Randwick Races Sydney',150),(1948,1601,'2018-01-24','Transfer',NULL,NULL,'gas for motorbike',-17),(1949,1103,'2017-09-23','Card','Transport','Adelaide','Adelaide Bus Transport SA PTY LTD',5),(1950,503,'2018-03-20','Card','Dining out','Melbourne','Tonys Pizza, Carlton PTY LTD',53),(1951,1301,'2017-10-27','Transfer',NULL,NULL,'CMCMarkets',2325),(1952,1103,'2017-12-12','Card','Dining out','Melbourne','Tonys Pizza, Carlton PTY LTD',53),(1953,1501,'2017-11-21','Transfer',NULL,NULL,'Cryptopia',4201),(1954,903,'2018-02-22','Card','Household','Newcastle','Ikea, Homebush PTY LTD',168),(1955,1601,'2017-08-01','Direct Debit','Loans & Insurance',NULL,'ING Home Loans PTY LTD',1751),(1956,201,'2017-12-07','Transfer',NULL,NULL,'Xtrade',682),(1957,201,'2017-11-21','Direct Debit','Leisure',NULL,'Netflix, Los Gatos CA Inc',15),(1958,801,'2018-04-28','Transfer',NULL,NULL,'DigitalSurge',648),(1959,1401,'2018-05-25','Transfer',NULL,NULL,'f0n2nd7unsni-BTC',3684),(1960,601,'2017-10-15','ATM Cash Withdrawal',NULL,'Sydney','ANZ ATM Seal Rocks',170),(1961,1001,'2017-09-24','Card','Transport','Overseas','Bolt, Tallin Inc',20),(1962,101,'2018-02-18','Direct Debit','Utilities',NULL,'Red Energy Electricity PTY LTD',142),(1963,1301,'2017-12-28','Transfer',NULL,NULL,'Coinjar',6812),(1964,501,'2018-01-19','Transfer',NULL,NULL,'Michael Brewbles',31),(1965,603,'2017-11-24','Card',NULL,NULL,'Huobi',310),(1966,1201,'2018-01-02','Transfer',NULL,NULL,'key and peele show',46),(1967,801,'2018-05-20','ATM Cash Withdrawal',NULL,'Sydney','BendigoBank ATM Broken Hill',90),(1968,1003,'2018-05-09','Card','Transport','Torquay','BP Petrol, Great Ocean Road PTY LTD',77),(1969,1401,'2017-09-09','BPAY','Utilities',NULL,'Rent',910),(1970,901,'2018-02-01','Direct Debit','Leisure',NULL,'New York Times Subscription',5),(1971,1403,'2017-09-15','Card','Gambling','Sydney','Bankstown RSL Western Sydney',368),(1972,301,'2018-01-19','ATM Cash Withdrawal',NULL,'Perth','ANZ ATM Margaret River',160),(1973,201,'2018-02-28','Direct Debit','Leisure',NULL,'Youtube Premium',15),(1974,1601,'2018-04-25','Transfer',NULL,NULL,'beers',-59),(1975,1201,'2017-11-15','Transfer',NULL,NULL,'red wine exuisite ',37),(1976,1601,'2018-04-03','Transfer',NULL,NULL,'donation to Bill and Melinda Gates Foundation',43),(1977,1701,'2017-09-30','Card','Gambling','Sydney','The Pooches at Wentworth Park',248),(1978,501,'2018-05-14','Card','Transport','Overseas','Uber, San Fran Inc',18),(1979,701,'2017-10-28','Direct Debit','Transport',NULL,'GoGet Car Rental PTY LTD',60),(1980,1101,'2017-09-16','ATM Cash Withdrawal',NULL,'Sydney','CBA ATM Freshwater',30),(1981,1001,'2018-03-16','Card','Dining out','Sydney','Uber Eats, Syd PTY LTD',38),(1982,903,'2017-09-05','Card','Household','Newcastle','Ikea, Homebush PTY LTD',202),(1983,501,'2017-09-04','Transfer',NULL,NULL,'CMCMarkets',2691),(1984,1503,'2018-05-30','Fee',NULL,NULL,'Cash Advance',148),(1985,603,'2018-05-29','Card','Household','Hobart','Bunnings Warehouse, Grindelwald PTY LTD',32),(1986,503,'2018-02-24','Card','Leisure','Sydney','Bavarian Beer Cafe, The Rocks PTY LTD',65),(1987,1501,'2017-10-01','Card','Gambling','Wollongong','Dapto Dogs Wollongong',279),(1988,1401,'2017-10-18','Card','Leisure','Sydney','Surfside Surf Shop, Byron Bay PTY LTD',99),(1989,601,'2017-08-10','ATM Cash Withdrawal',NULL,'Sydney','NAB ATM Seal Rocks',90),(1990,1603,'2018-04-28','Card',NULL,NULL,'Coinjar',5298),(1991,1003,'2018-03-12','Card','Leisure','Sydney','The Ivy Pool Bar, Wynyard PTY LTD',52),(1992,1701,'2018-05-24','Card','Gambling','Wollongong','Dapto Dogs Wollongong',279),(1993,503,'2018-04-30','Fee',NULL,NULL,'Cash Advance',8),(1994,701,'2018-03-08','Card','Household','Newcastle','Ikea, Homebush PTY LTD',166),(1995,1303,'2017-08-01','Card','Gambling','Sydney','The Pooches at Wentworth Park',248),(1996,1101,'2018-02-28','ATM Cash Withdrawal',NULL,'Sydney','QuikCash ATM Hat Head',70),(1997,103,'2017-12-19','Card','Leisure','Hobart','Strike Bowling and Laser Tag, Hobart PTY LTD',13),(1998,1601,'2017-12-24','Transfer','Gambling',NULL,'unibet',124),(1999,1601,'2018-05-10','Direct Debit','Utilities',NULL,'Optus Mobile Internet Plan',28),(2000,1501,'2017-09-24','Card','Groceries','Melbourne','IGA Groceries, Fitzroy PTY LTD',35),(2001,1601,'2017-08-02','Transfer','Gambling',NULL,'betEasy',405),(2002,1101,'2017-08-04','Card','Leisure','Sydney','The Friend in Hand Pub, Glebe PTY LTD',23),(2003,401,'2018-05-16','Direct Debit','Education',NULL,'Sydney University',159),(2004,301,'2018-04-16','Direct Debit','Leisure',NULL,'Netflix, Los Gatos CA Inc',14),(2005,301,'2017-10-25','Transfer',NULL,NULL,'sharing petrol for trip',39),(2006,1601,'2018-03-30','Card','Groceries','Canberra','Coles Supermarket, Barton PTY LTD',82),(2007,1703,'2018-02-08','Card','Gambling','Sydney','The Pooches at Wentworth Park',248),(2008,1501,'2018-03-06','Direct Debit','Loans & Insurance',NULL,'Nimble Loans PTY LTD',731),(2009,1501,'2018-04-17','Direct Debit','Education',NULL,'Monash University',242),(2010,1301,'2018-04-28','Transfer',NULL,NULL,'vino rosso darling',15),(2011,901,'2018-02-18','ATM Cash Withdrawal',NULL,'Wollongong','Redi ATM Bega',140),(2012,1201,'2018-01-18','Transfer',NULL,NULL,'Coinjar AU 932',268),(2013,1203,'2017-09-26','Card','Leisure','Sydney','Scubar Hostel and Travellers Bar, Haymarket PTY LTD',122),(2014,403,'2017-12-31','Fee',NULL,NULL,'Cash Advance',8),(2015,103,'2017-11-01','Card','Leisure','Sydney','NSW Waratahs Rugby, Paddington PTY LTD',52),(2016,1001,'2018-01-21','Transfer',NULL,NULL,'vielen danke',-16),(2017,901,'2017-09-10','Transfer',NULL,NULL,'Coinbase',8371),(2018,101,'2017-09-26','Direct Debit','Utilities',NULL,'Vodafone Mobile Plan PTY LTD',31),(2019,1201,'2017-11-22','Card','Gambling','Sydney','Randwick Races Sydney',150),(2020,101,'2017-09-13','Card','Dining out','Sydney','Rockpool Fine Dining, Sydney City PTY LTD',243),(2021,201,'2018-01-17','Card','Household','Hobart','Bunnings Warehouse, Grindelwald PTY LTD',31),(2022,1503,'2018-05-02','Card','Leisure','Sydney','Improv Theatre Sydney, Redfern PTY LTD',177),(2023,1103,'2018-01-14','Card','Transport','Newcastle','Ferries Transport NSW PTY LTD',6),(2024,1303,'2018-03-27','Transfer','Gambling',NULL,'Sportsbet',400),(2025,1201,'2018-04-17','Card','Leisure','Sydney','Bavarian Beer Cafe, The Rocks PTY LTD',57),(2026,703,'2017-09-20','Card','Transport','Brisbane','GoGet Car Rentals, Woolloongabba PTY LTD',29),(2027,1501,'2017-08-25','Transfer',NULL,NULL,'time I paid for petrol',-50),(2028,1601,'2018-02-27','Card','Gambling','Sydney','Randwick Races Sydney',150),(2029,501,'2017-09-18','Card','Leisure','Hobart','Strike Bowling and Laser Tag, Hobart PTY LTD',13),(2030,403,'2017-11-17','Card',NULL,NULL,'CEX.IO',190),(2031,1101,'2017-08-29','Transfer',NULL,NULL,'luv ya from mum',30),(2032,201,'2017-10-11','ATM Cash Withdrawal',NULL,'Darwin','CitiBank ATM Jabiru',100),(2033,701,'2018-04-18','Transfer',NULL,NULL,'Doge-xx-74938618',561),(2034,1701,'2018-02-11','Transfer','Gambling',NULL,'Bet365',676),(2035,1701,'2018-02-11','Transfer','Gambling',NULL,'Bet365',676),(2036,401,'2018-01-05','Transfer',NULL,NULL,'good work on the exam son',41),(2037,1303,'2017-12-18','Card','Groceries','Melbourne','IGA Groceries, Fitzroy PTY LTD',37),(2038,1503,'2017-11-30','Fee',NULL,NULL,'Cash Advance',129),(2039,701,'2017-08-19','ATM Cash Withdrawal',NULL,'Sydney','Royal Bank of Australia ATM Kings Cross',70),(2040,701,'2018-02-10','Transfer',NULL,NULL,'I ate some of your curry sorry',58),(2041,301,'2018-01-31','Card','Groceries','Sydney','ALDI Supermarket, Manly PTY LTD',48),(2042,601,'2017-11-22','Transfer',NULL,NULL,'Robert Downey Schooners ',13),(2043,1101,'2017-09-09','Direct Debit','Leisure',NULL,'Apple Music Inc',14),(2044,1303,'2017-11-16','Card','Gambling','Sydney','The Pooches at Wentworth Park',248),(2045,301,'2018-03-16','Direct Debit','Loans & Insurance',NULL,'Commonwealth Bank Credit Card PTY LTD',350),(2046,501,'2017-11-24','Direct Debit','Leisure',NULL,'F45 Gyms PTY LTD',61),(2047,1001,'2018-02-08','Transfer',NULL,NULL,'tea and scones',-47),(2048,1603,'2018-05-23','Card',NULL,NULL,'Coinjar',5298),(2049,601,'2018-05-14','Direct Debit','Leisure',NULL,'Fitness First Gyms PTY LTD',46),(2050,1301,'2017-12-30','Transfer',NULL,NULL,'house clothes rack',44),(2051,401,'2017-10-31','Card','Dining out','Sydney','Good Chicken, St Leonards PTY LTD',26),(2052,1601,'2018-04-21','Transfer',NULL,NULL,'FyH76572TENSF091-ETH',4945),(2053,1701,'2018-05-16','Card','Gambling','Sydney','Bankstown RSL Western Sydney',368),(2054,1701,'2017-12-09','ATM Cash Withdrawal',NULL,'Melbourne','NAB ATM Torquay',200),(2055,1401,'2018-03-24','Transfer',NULL,NULL,'Ghengis Cans',-55),(2056,701,'2018-01-07','Direct Debit','Utilities',NULL,'Belong Internet PTY LTD',66),(2057,701,'2018-01-07','Direct Debit','Utilities',NULL,'Belong Internet PTY LTD',66),(2058,1403,'2018-05-24','Card',NULL,NULL,'Xtrade',1683),(2059,1303,'2018-04-30','Fee',NULL,NULL,'Cash Advance',73),(2060,501,'2018-05-05','Transfer',NULL,NULL,'Huobi',310),(2061,1301,'2018-02-28','ATM Cash Withdrawal',NULL,'Sydney','BendigoBank ATM North Curl Curl',110),(2062,1501,'2017-12-23','ATM Cash Withdrawal',NULL,'Wollongong','Westpac ATM Berry',160),(2063,901,'2018-05-19','Direct Debit','Leisure',NULL,'Netflix, Los Gatos CA Inc',13),(2064,1801,'2017-10-11','Transfer',NULL,NULL,'ICMarkets BTC',29648),(2065,701,'2017-09-23','BPAY','Government',NULL,'Tasmanian National Park Rangers',81),(2066,1301,'2017-09-24','Transfer','Gambling',NULL,'betEasy',405),(2067,1201,'2018-01-20','Card','Groceries','Sydney','ALDI Supermarket, Manly PTY LTD',51),(2068,1401,'2017-11-01','ATM Cash Withdrawal',NULL,'Hobart','Royal Bank of Australia ATM Binnalong Bay',60),(2069,1201,'2017-10-11','Transfer',NULL,NULL,'Bitfinex',1816),(2070,1401,'2018-01-07','Card','Leisure','Sydney','Sunshine Cheap Surf Shop, Manly PTY LTD',36),(2071,1301,'2018-01-19','ATM Cash Withdrawal',NULL,'Darwin','ANZ ATM Jabiru',110),(2072,603,'2018-04-05','Card',NULL,NULL,'DigitalSurge',648),(2073,1701,'2018-01-25','BPAY','Government',NULL,'SA Roads and Maritime Authority',164),(2074,1401,'2018-05-29','Transfer',NULL,NULL,'Javert will find you',17),(2075,1301,'2018-02-12','Card','Gambling','Brisbane','Brisvegas Casino Brisbane',184),(2076,1201,'2017-08-30','Card','Transport','Torquay','BP Petrol, Great Ocean Road PTY LTD',76),(2077,401,'2017-11-30','Transfer',NULL,NULL,'aapke uphaar ke liye dhanyavaad',44),(2078,1701,'2018-04-22','Card','Gambling','Sydney','Randwick Races Sydney',150),(2079,1001,'2017-12-23','Transfer',NULL,NULL,'chrs big chief',11),(2080,1403,'2017-08-03','Transfer','Gambling',NULL,'Sportsbet',400),(2081,1301,'2018-05-10','Card','Household','Darwin','Rebel Sport, Broadway PTY LTD',58),(2082,1703,'2017-11-30','Fee',NULL,NULL,'Cash Advance',53),(2083,603,'2018-04-30','Fee',NULL,NULL,'Cash Advance',19),(2084,1701,'2017-09-05','ATM Cash Withdrawal',NULL,'Sydney','BendigoBank ATM Byron Bay',200),(2085,701,'2017-09-19','Transfer',NULL,NULL,'mi goreng',-41),(2086,1701,'2018-05-16','Transfer',NULL,NULL,'chicken schnitzel',-45),(2087,1701,'2018-05-16','Transfer',NULL,NULL,'chicken schnitzel',-45),(2088,1001,'2017-08-02','ATM Cash Withdrawal',NULL,'Sydney','CitiBank ATM Narrabeen',110),(2089,1401,'2018-02-17','Card','Gambling','Sydney','The Pooches at Wentworth Park',248),(2090,801,'2018-03-23','Card','Leisure','Sydney','Bavarian Beer Cafe, The Rocks PTY LTD',54),(2091,101,'2017-09-08','ATM Cash Withdrawal',NULL,'Wollongong','ANZ ATM Berry',90),(2092,801,'2017-08-01','ATM Cash Withdrawal',NULL,'Perth','BendigoBank ATM Esperence',70),(2093,1403,'2018-03-23','Card','Leisure','Sydney','Improv Theatre Sydney, Redfern PTY LTD',156),(2094,1501,'2018-05-15','Card','Gambling','Sydney','The Pooches at Wentworth Park',248),(2095,601,'2017-12-09','Direct Debit','Leisure',NULL,'The Guardian Subscription',22),(2096,1701,'2017-08-23','ATM Cash Withdrawal',NULL,'Melbourne','Bank of Melbourne ATM Apollo Bay',160),(2097,101,'2018-02-24','Transfer',NULL,NULL,'Harry Brewdinis ',46),(2098,301,'2017-08-15','Transfer',NULL,NULL,'Please sir, can I have some more',14),(2099,401,'2018-03-29','Direct Debit','Leisure',NULL,'British Broadcasting Corporation Subscription',7),(2100,1501,'2018-02-08','Transfer',NULL,NULL,'chicken schnitzel',-47),(2101,1501,'2018-02-08','Transfer',NULL,NULL,'chicken schnitzel',-47),(2102,1301,'2017-08-06','ATM Cash Withdrawal','Gambling','Sydney','Westpac ATM Pyrmont Sydney',215),(2103,301,'2018-03-26','ATM Cash Withdrawal',NULL,'Sydney','ANZ ATM Byron Bay',90),(2104,1001,'2018-03-27','Direct Debit','Leisure',NULL,'British Broadcasting Corporation Subscription',8),(2105,201,'2018-02-21','Card','Transport','Port Macquarie','Caltex, Kew PTY LTD',84),(2106,101,'2017-08-17','Direct Debit','Leisure',NULL,'Apple Music Inc',13),(2107,1601,'2017-10-04','Direct Debit','Leisure',NULL,'Sydney Morning Herald Subscription PTY LTD',3),(2108,1501,'2017-11-04','Card','Transport','Overseas','Uber, San Fran Inc',22),(2109,1401,'2017-08-23','Card','Transport','Adelaide','Adelaide Bus Transport SA PTY LTD',5),(2110,501,'2017-08-17','Card','Gambling','Melbourne','Melbourne Cup Sweeps TAB',20),(2111,701,'2018-01-27','Card','Gambling','Brisbane','Brisvegas Casino Brisbane',18),(2112,1303,'2017-12-30','Card',NULL,NULL,'Coinbase',8371),(2113,1601,'2017-09-07','ATM Cash Withdrawal',NULL,'Sydney','Redi ATM Newcastle City',130),(2114,601,'2018-01-23','ATM Cash Withdrawal',NULL,'Sydney','Bank of Melbourne ATM Lennox Head',80),(2115,1303,'2018-05-30','Fee',NULL,NULL,'Cash Advance',111),(2116,1303,'2017-08-10','Card','Dining out','Sydney','Sergio\'s Organic Coffee Bar, Surry Hills PTY LTD',7),(2117,1701,'2017-11-22','Transfer',NULL,NULL,'gumtree chairs',-52),(2118,403,'2017-11-09','Card','Leisure','Perth','Ningaloo Snorkelling Escapes, Exmouth PTY LTD',701),(2119,1401,'2018-02-03','Transfer',NULL,NULL,'ICMarkets newsletter subs',1847),(2120,1001,'2017-08-30','Direct Debit','Transport',NULL,'GoGet Car Rental PTY LTD',65),(2121,1601,'2017-10-16','ATM Cash Withdrawal',NULL,'Perth','BendigoBank ATM Margaret River',70),(2122,1401,'2018-03-27','Card','Gambling','Sydney','Randwick Races Sydney',150),(2123,1201,'2018-03-07','ATM Cash Withdrawal',NULL,'Wollongong','NAB ATM Berry',50),(2124,1701,'2017-10-25','ATM Cash Withdrawal',NULL,'Perth','Royal Bank of Australia ATM Perth CBD',190),(2125,601,'2017-09-09','Card','Transport','Overseas','Bolt, Tallin Inc',22),(2126,1201,'2017-12-25','Transfer',NULL,NULL,'Cryptopia',4201),(2127,1501,'2018-01-07','Transfer',NULL,NULL,'You won the bet',44),(2128,1501,'2018-01-10','Card','Leisure','Sydney','The Friend in Hand Pub, Glebe PTY LTD',25),(2129,601,'2018-01-10','Transfer',NULL,NULL,'pocket money',26),(2130,501,'2017-09-20','ATM Cash Withdrawal',NULL,'Sydney','CitiBank ATM Byron Bay',150),(2131,201,'2017-08-13','Transfer',NULL,NULL,'dhanyavaad dopahar ka bhojan',-33),(2132,101,'2017-11-23','BPAY','Government',NULL,'NSW State Debt Recovery Parking Fines',106),(2133,1701,'2018-04-20','Transfer',NULL,NULL,'IG BTC',229),(2134,701,'2018-04-14','Transfer','Gambling',NULL,'betEasy',41),(2135,1403,'2017-11-24','Card',NULL,NULL,'ICMarkets newsletter subs',1847),(2136,1303,'2017-12-13','Card','Gambling','Darwin','Darwin Dogs',160),(2137,401,'2018-03-25','Transfer',NULL,NULL,'thnks for dinr',54),(2138,401,'2017-09-18','Transfer',NULL,NULL,'Kraken',450),(2139,803,'2018-02-26','Card','Groceries','Canberra','Jim\'s Mowing, Deakon PTY LTD',37),(2140,401,'2017-12-10','Direct Debit','Loans & Insurance',NULL,'CBA Home Loans PTY LTD',2693),(2141,301,'2018-02-10','ATM Cash Withdrawal',NULL,'Canberra','Westpac ATM Barton',40),(2142,1501,'2018-03-13','Transfer',NULL,NULL,'BitStamp',3364),(2143,703,'2018-02-20','Card','Transport','Perth','No Birds Car Rental, Fremantle PTY LTD',477),(2144,1201,'2018-04-27','Transfer','Gambling',NULL,'Ladbrokes',171),(2145,601,'2018-05-27','Transfer',NULL,NULL,'Swyftx',270),(2146,1501,'2017-09-17','ATM Cash Withdrawal','Gambling','Sydney','Westpac ATM Pyrmont Sydney',215),(2147,603,'2018-03-23','Card',NULL,NULL,'Doge-xx-74938618',561),(2148,1301,'2018-02-23','Transfer',NULL,NULL,'2nd hand bicycle',-46),(2149,101,'2018-05-09','Transfer',NULL,NULL,'delicious berries',27),(2150,1401,'2017-08-16','Direct Debit','Leisure',NULL,'New York Times Subscription',5),(2151,1401,'2017-08-16','Direct Debit','Leisure',NULL,'New York Times Subscription',5),(2152,401,'2017-08-05','Transfer','Gambling',NULL,'Bet365',68),(2153,601,'2018-04-03','Transfer',NULL,NULL,'picnic',-32),(2154,401,'2017-08-05','Card','Transport','Brisbane','GoGet Car Rentals, Woolloongabba PTY LTD',26),(2155,1101,'2018-03-12','ATM Cash Withdrawal',NULL,'Wollongong','CBA ATM Berry',160),(2156,1601,'2017-09-20','Transfer',NULL,NULL,'chicken schnitzel',47),(2157,1401,'2018-03-16','Card','Transport','Adelaide','Adelaide Bus Transport SA PTY LTD',5),(2158,301,'2018-02-14','Transfer',NULL,NULL,'ikea house cutlery',-33),(2159,1103,'2018-03-01','Card','Leisure','Sydney','Bavarian Beer Cafe, The Rocks PTY LTD',66),(2160,401,'2017-11-23','Card','Gambling','Sydney','The Pooches at Wentworth Park',25),(2161,801,'2017-09-24','Direct Debit','Leisure',NULL,'Fitness First Gyms PTY LTD',49),(2162,403,'2017-10-03','Card','Transport','Port Macquarie','Caltex, Kew PTY LTD',87),(2163,1703,'2017-12-09','Transfer','Gambling',NULL,'Ladbrokes',171),(2164,501,'2017-08-08','Card','Transport','Overseas','Bolt, Tallin Inc',24),(2165,1401,'2017-09-04','Card','Gambling','Wollongong','Dapto Dogs Wollongong',279),(2166,1601,'2018-02-17','Transfer',NULL,NULL,'motorbike petrol',12),(2167,1201,'2018-03-29','Transfer',NULL,NULL,'ICMarkets BTC',4914),(2168,1001,'2018-01-04','Transfer',NULL,NULL,'owe you for electricity',18),(2169,1401,'2018-04-07','Direct Debit','Leisure',NULL,'New York Times Subscription',4),(2170,1101,'2018-01-09','Card','Household','Darwin','Rebel Sport, Broadway PTY LTD',61),(2171,801,'2018-01-21','Transfer',NULL,NULL,'BITMex',-10426),(2172,501,'2017-11-16','Card','Groceries','Sydney','ALDI Supermarket, Manly PTY LTD',50),(2173,1001,'2018-04-25','Transfer',NULL,NULL,'surf board wax comb',-33),(2174,201,'2018-04-03','Direct Debit','Utilities',NULL,'iiNet Internet PTY LTD',56),(2175,201,'2018-05-14','Transfer',NULL,NULL,'Robert Downey Schooners ',11),(2176,201,'2017-12-25','Card','Leisure','Sydney','Star Gazing Tour, Coonabarrabran PTY LTD',29),(2177,403,'2017-11-17','Card',NULL,NULL,'CMCMarkets',2691),(2178,301,'2017-11-03','Transfer',NULL,NULL,'split uber',47),(2179,803,'2018-05-22','Card','Household','Newcastle','Target Australia, Wolloomoolloo PTY LTD',49),(2180,101,'2018-04-20','Direct Debit','Loans & Insurance',NULL,'Tic:Toc Home Loans PTY LTD',1433),(2181,501,'2017-12-18','Transfer',NULL,NULL,'dhanyavaad dopahar ka bhojan',-33),(2182,101,'2018-03-28','Transfer',NULL,NULL,'avatrade',427),(2183,1101,'2017-10-23','Transfer',NULL,NULL,'thanks for a great dinner',-13),(2184,1703,'2018-04-02','Card','Leisure','Darwin','Daves Dangerous Crocodile Tours, Kununurra PTY LTD',90),(2185,501,'2018-02-15','Direct Debit','Utilities',NULL,'Optus Mobile Internet Plan',28),(2186,501,'2017-08-16','ATM Cash Withdrawal',NULL,'Brisbane','CitiBank ATM Cairns',70),(2187,403,'2017-09-15','Card','Transport','Torquay','BP Petrol, Great Ocean Road PTY LTD',77),(2188,1001,'2017-10-20','Card','Transport','Overseas','Uber, San Fran Inc',22),(2189,1601,'2017-08-03','Card','Dining out','Sydney','Uber Eats, Syd PTY LTD',47),(2190,701,'2018-01-24','ATM Cash Withdrawal',NULL,'Sydney','QuikCash ATM Broken Hill',110),(2191,1603,'2017-11-24','Card',NULL,NULL,'CMCMarkets',2325),(2192,301,'2018-04-06','Transfer',NULL,NULL,'sharing petrol for trip',40),(2193,501,'2017-08-28','Transfer',NULL,NULL,'tradeDirect365 BTC',585),(2194,1801,'2017-12-19','Transfer',NULL,NULL,'tradeDirect365 BTC',87368),(2195,101,'2017-11-29','Card','Groceries','Canberra','Jim\'s Mowing, Deakon PTY LTD',34),(2196,1201,'2017-09-20','Transfer','Gambling',NULL,'unibet',124),(2197,701,'2018-04-04','Card','Dining out','Sydney','Sergio\'s Organic Coffee Bar, Surry Hills PTY LTD',7),(2198,1403,'2018-02-26','Card','Gambling','Sydney','Randwick Races Sydney',150),(2199,1501,'2017-11-14','Transfer',NULL,NULL,'house clothes rack',51),(2200,901,'2017-10-29','Card','Groceries','Sydney','ALDI Supermarket, Manly PTY LTD',57),(2201,1401,'2017-10-03','Direct Debit','Leisure',NULL,'Netflix, Los Gatos CA Inc',13),(2202,803,'2017-08-17','Card','Groceries','Sydney','ALDI Supermarket, Manly PTY LTD',57),(2203,1301,'2017-09-30','BPAY','Government',NULL,'VIC State Debt Recovery Speeding Fines',344),(2204,501,'2018-04-27','Direct Debit','Education',NULL,'University of New South Wales',243),(2205,801,'2018-05-01','Transfer',NULL,NULL,'delicious berries',27),(2206,1403,'2017-12-31','Card',NULL,NULL,'Plus500 BTC',3867),(2207,1703,'2018-01-31','Fee',NULL,NULL,'Cash Advance',121),(2208,601,'2018-04-21','ATM Cash Withdrawal',NULL,'Sydney','CitiBank ATM Stockton',40),(2209,301,'2017-09-06','Transfer',NULL,NULL,'William Shakesbeers',49),(2210,401,'2017-12-29','Card','Gambling','Darwin','Darwin Dogs',16),(2211,1701,'2018-03-05','ATM Cash Withdrawal',NULL,'Perth','Redi ATM Perth CBD',30),(2212,101,'2018-03-04','Direct Debit','Loans & Insurance',NULL,'Tic:Toc Home Loans PTY LTD',1534),(2213,801,'2017-08-25','BPAY','Government',NULL,'SA Roads and Maritime Authority',167),(2214,1001,'2017-12-21','Transfer',NULL,NULL,'Coinjar',6812),(2215,1301,'2017-11-02','Card','Leisure','Melbourne','Melbourne Comedy Festival, Yarra PTY LTD',82),(2216,1001,'2018-05-05','Card','Transport','Torquay','BP Petrol, Great Ocean Road PTY LTD',72),(2217,1701,'2017-11-26','Transfer',NULL,NULL,'Oprah Tinfreys',-39),(2218,901,'2017-11-14','Transfer',NULL,NULL,'BTC',3055),(2219,601,'2018-01-03','Direct Debit','Utilities',NULL,'Belong Internet PTY LTD',76),(2220,501,'2017-10-23','Card','Transport','Canberra','Lime Bikes, San Fran Inc',9),(2221,501,'2017-09-03','Transfer',NULL,NULL,'William Shakesbeers',46),(2222,1001,'2018-01-05','Card','Household','Hobart','Bunnings Warehouse, Grindelwald PTY LTD',28),(2223,1503,'2018-04-18','Card',NULL,NULL,'CoinSpot',3702),(2224,1701,'2018-01-01','ATM Cash Withdrawal',NULL,'Melbourne','Westpac ATM Lorne',120),(2225,401,'2018-05-22','Transfer',NULL,NULL,'dakujem vhr gulou',-19),(2226,1501,'2018-01-07','Transfer',NULL,NULL,'GoMarkets BTC',4996),(2227,1401,'2017-12-03','Transfer',NULL,NULL,'Denzel Frothingtons',-13),(2228,901,'2017-08-12','Transfer',NULL,NULL,'I drank some of your milk sorry',-44),(2229,1701,'2017-12-26','Transfer',NULL,NULL,'ta for sweeping',44),(2230,1601,'2018-02-21','Card','Gambling','Sydney','Bankstown RSL Western Sydney',368),(2231,1001,'2017-10-26','BPAY','Government',NULL,'VIC State Debt Recovery Speeding Fines',388),(2232,1603,'2018-05-30','Fee',NULL,NULL,'Cash Advance',159),(2233,1701,'2017-11-30','Transfer',NULL,NULL,'fairy bread for picnic',18),(2234,1201,'2018-03-31','Card','Gambling','Sydney','Bankstown RSL Western Sydney',368),(2235,1303,'2018-04-22','Transfer','Gambling',NULL,'TAB',84),(2236,1101,'2017-10-15','Direct Debit','Leisure',NULL,'Amazon Prime, Seatle USA Inc',11),(2237,1001,'2017-09-05','Transfer',NULL,NULL,'From the King to his Subject',-44),(2238,301,'2017-09-13','ATM Cash Withdrawal',NULL,'Sydney','BendigoBank ATM Seal Rocks',90),(2239,1301,'2017-10-19','Transfer',NULL,NULL,'ta for sweeping',41),(2240,801,'2017-11-27','Direct Debit','Loans & Insurance',NULL,'Commonwealth Bank Credit Card PTY LTD',363),(2241,1301,'2017-10-03','ATM Cash Withdrawal',NULL,'Hobart','NAB ATM Binnalong Bay',70),(2242,1203,'2017-11-30','Fee',NULL,NULL,'Cash Advance',211),(2243,1103,'2017-10-01','Card','Leisure','Sydney','Improv Theatre Sydney, Redfern PTY LTD',179),(2244,1701,'2018-03-22','Transfer',NULL,NULL,'petrol and snacks',31),(2245,1301,'2018-03-21','Card','Leisure','Sydney','NSW Waratahs Rugby, Paddington PTY LTD',46),(2246,1203,'2017-10-30','Card','Leisure','Sydney','Lets Go Surfing Surf School, Bondi Beach PTY LTD',369),(2247,701,'2018-04-08','ATM Cash Withdrawal',NULL,'Canberra','ING Bank ATM Barton',80),(2248,1001,'2018-01-18','Direct Debit','Utilities',NULL,'Belong Internet PTY LTD',62),(2249,401,'2017-10-01','Card','Gambling','Sydney','Crown Casino',14),(2250,501,'2018-02-02','ATM Cash Withdrawal',NULL,'Sydney','NAB ATM Pennant Hills',30),(2251,1101,'2018-01-16','ATM Cash Withdrawal',NULL,'Sydney','Royal Bank of Australia ATM Narrabeen',160),(2252,201,'2017-08-12','Transfer',NULL,NULL,'William Shakesbeers',52),(2253,201,'2017-10-18','Transfer',NULL,NULL,'for new surfing wetsuit',52),(2254,1701,'2018-03-09','Direct Debit','Loans & Insurance',NULL,'CashNGo Loans PTY LTD',85),(2255,501,'2018-01-04','Card','Gambling','Sydney','Bankstown RSL Western Sydney',37),(2256,1101,'2017-11-09','Direct Debit','Utilities',NULL,'Red Energy Electricity PTY LTD',168),(2257,1601,'2018-04-24','Transfer',NULL,NULL,'gas',-40),(2258,1101,'2018-04-30','Transfer',NULL,NULL,'Swyftx',2552),(2259,1201,'2017-11-16','Card','Transport','Perth','No Birds Car Rental, Fremantle PTY LTD',468),(2260,1001,'2018-01-30','ATM Cash Withdrawal',NULL,'Melbourne','Bank of Melbourne ATM Torquay',100),(2261,301,'2017-08-25','Transfer',NULL,NULL,'Coinbase',1931),(2262,1203,'2017-12-09','Card',NULL,NULL,'Plus500 forex',1460),(2263,301,'2017-12-10','Direct Debit','Leisure',NULL,'Sydney Morning Herald Subscription PTY LTD',3),(2264,901,'2018-01-31','Transfer',NULL,NULL,'ta for helping clean the backyard son',21),(2265,1501,'2017-10-05','Transfer',NULL,NULL,'Coinbase AU 829613',660),(2266,301,'2017-11-06','ATM Cash Withdrawal',NULL,'Sydney','NAB ATM Pennant Hills',130),(2267,1303,'2018-04-10','Card',NULL,NULL,'FTX',2446),(2268,1301,'2017-12-09','Direct Debit','Education',NULL,'Oxford University ',257),(2269,801,'2017-09-13','ATM Cash Withdrawal',NULL,'Sydney','NAB ATM Redhead',120),(2270,301,'2017-11-21','Card','Dining out','Sydney','Good Chicken, St Leonards PTY LTD',26),(2271,901,'2017-08-04','Transfer',NULL,NULL,'owe you for electricity',18),(2272,1203,'2017-10-14','Card','Gambling','Melbourne','Melbourne Cup Sweeps TAB',200),(2273,1301,'2017-10-23','Direct Debit','Utilities',NULL,'Vodafone Mobile Plan PTY LTD',29),(2274,901,'2017-09-12','Card','Groceries','Sydney','Woolworths Supermarket, Wollongong PTY LTD',21),(2275,1701,'2018-02-02','ATM Cash Withdrawal',NULL,'Sydney','ING Bank ATM Narrabeen',50),(2276,1601,'2017-10-23','Transfer',NULL,NULL,'donation to Against Malaria Foundation',29),(2277,603,'2018-01-02','Card','Leisure','Hobart','Museum of Old and New Art, Hobart PTY LTD',32),(2278,1501,'2017-12-29','Transfer',NULL,NULL,'hiking trip',-44),(2279,301,'2017-08-02','ATM Cash Withdrawal',NULL,'Perth','CitiBank ATM Exmouth',50),(2280,1101,'2017-09-17','Card','Leisure','Sydney','Scubar Hostel and Travellers Bar, Haymarket PTY LTD',118),(2281,601,'2017-10-24','Transfer',NULL,NULL,'eToro BTC',615),(2282,1701,'2017-09-15','Direct Debit','Leisure',NULL,'Youtube Premium',12),(2283,1701,'2018-05-05','Card','Leisure','Sydney','The Friend in Hand Pub, Glebe PTY LTD',25),(2284,1501,'2018-04-16','Direct Debit','Loans & Insurance',NULL,'Nimble Loans PTY LTD',731),(2285,1501,'2018-04-17','Transfer',NULL,NULL,'mi goreng',46),(2286,1503,'2018-01-31','Fee',NULL,NULL,'Cash Advance',20),(2287,401,'2017-12-08','ATM Cash Withdrawal',NULL,'Sydney','Royal Bank of Australia ATM Kangaroo Valley',180),(2288,701,'2017-08-04','Transfer',NULL,NULL,'coffee',-17),(2289,401,'2018-02-17','Transfer',NULL,NULL,'gas',40),(2290,501,'2017-10-27','Direct Debit','Leisure',NULL,'The Guardian Subscription',24),(2291,1201,'2017-09-19','Transfer',NULL,NULL,'chers turbo',54),(2292,203,'2018-04-01','Card','Leisure','Sydney','Surfside Surf Shop, Byron Bay PTY LTD',91),(2293,1201,'2017-11-05','Transfer',NULL,NULL,'ICMarkets newsletter subs',1847),(2294,901,'2017-10-09','Transfer',NULL,NULL,'taxi',54),(2295,1401,'2017-10-16','ATM Cash Withdrawal',NULL,'Sydney','ANZ ATM Penrith',140),(2296,701,'2017-08-02','Transfer','Gambling',NULL,'TAB',8),(2297,903,'2017-12-25','Card','Household','Newcastle','Target Australia, Wolloomoolloo PTY LTD',46),(2298,701,'2017-12-02','Transfer',NULL,NULL,'chores',48),(2299,1501,'2017-10-07','Card','Gambling','Wollongong','Dapto Dogs Wollongong',279),(2300,1101,'2018-04-12','Card','Groceries','Sydney','ALDI Supermarket, Manly PTY LTD',53),(2301,701,'2017-11-21','ATM Cash Withdrawal',NULL,'Sydney','ANZ ATM Crescent Head',40),(2302,201,'2018-03-24','Transfer',NULL,NULL,'surf leg rope',38),(2303,1501,'2018-05-19','Transfer',NULL,NULL,'BITMex',2236),(2304,1201,'2017-09-05','Transfer','Gambling',NULL,'unibet',124),(2305,1503,'2018-05-31','Card',NULL,NULL,'FyH76572TENSF091-ETH',4945),(2306,501,'2018-04-06','Transfer',NULL,NULL,'xie xie xin nian kuai le!',65),(2307,1703,'2018-01-25','Card','Gambling','Sydney','Bankstown RSL Western Sydney',368),(2308,603,'2018-03-31','Fee',NULL,NULL,'Cash Advance',17),(2309,1701,'2018-01-18','Transfer',NULL,NULL,'donation to ENDFUND',43),(2310,903,'2018-03-06','Card','Leisure','Melbourne','Melbourne Comedy Festival, Yarra PTY LTD',76),(2311,103,'2018-05-23','Card','Leisure','Sydney','Scubar Hostel and Travellers Bar, Haymarket PTY LTD',122),(2312,1403,'2018-05-25','Card','Transport','Adelaide','Adelaide Bus Transport SA PTY LTD',5),(2313,1203,'2018-04-30','Card','Dining out','Sydney','Three Williams, Redfern PTY LTD',5),(2314,201,'2018-03-23','Card','Household','Newcastle','Target Australia, Wolloomoolloo PTY LTD',60),(2315,101,'2017-10-28','BPAY','Utilities',NULL,'Rent',814),(2316,801,'2018-02-15','Transfer',NULL,NULL,'shallot pancake',-14),(2317,1101,'2017-12-31','Transfer',NULL,NULL,'Xtrade',1683),(2318,1301,'2017-08-19','Direct Debit','Leisure',NULL,'The Guardian Subscription',21),(2319,1701,'2018-05-04','Card','Gambling','Sydney','The Pooches at Wentworth Park',248),(2320,1201,'2017-10-14','Transfer','Gambling',NULL,'Ladbrokes',171),(2321,1101,'2018-04-17','Direct Debit','Loans & Insurance',NULL,'Tic:Toc Home Loans PTY LTD',1355),(2322,401,'2018-03-07','Transfer',NULL,NULL,'Coinbase',1181),(2323,101,'2017-11-24','ATM Cash Withdrawal',NULL,'Sydney','NAB ATM Stockton',120),(2324,1303,'2017-11-01','Card',NULL,NULL,'Xtrade',1683),(2325,101,'2018-03-12','Card','Transport','Perth','Rottnest Island Quokka Ferry, Fremantle PTY LTD',96),(2326,201,'2018-02-17','Transfer',NULL,NULL,'pocket money',-26),(2327,1203,'2017-12-22','Card','Leisure','Hobart','Museum of Old and New Art, Hobart PTY LTD',33),(2328,1401,'2018-04-29','Card','Gambling','Darwin','Darwin Dogs',160),(2329,1201,'2017-09-28','Card','Dining out','Sydney','Three Williams, Redfern PTY LTD',5),(2330,1403,'2017-10-09','Card','Groceries','Canberra','Jim\'s Mowing, Deakon PTY LTD',33),(2331,1701,'2018-05-22','Card','Gambling','Sydney','Bankstown RSL Western Sydney',368),(2332,601,'2017-11-18','Direct Debit','Leisure',NULL,'Sydney Morning Herald Subscription PTY LTD',3),(2333,1301,'2018-05-06','Direct Debit','Loans & Insurance',NULL,'ING Home Loans PTY LTD',1826),(2334,401,'2018-05-17','Transfer',NULL,NULL,'Froth Whitlams',-21),(2335,301,'2018-03-10','Transfer',NULL,NULL,'tenkyu mista susok man',33),(2336,501,'2017-09-20','Direct Debit','Utilities',NULL,'Vodafone Mobile Plan PTY LTD',28),(2337,403,'2017-11-30','Fee',NULL,NULL,'Cash Advance',86),(2338,1701,'2018-05-14','ATM Cash Withdrawal',NULL,'Perth','CBA ATM Esperence',170),(2339,301,'2018-03-20','Transfer',NULL,NULL,'Cryptopia',672),(2340,1301,'2018-02-17','Transfer',NULL,NULL,'Froth Whitlams',-21),(2341,1401,'2017-09-02','Card','Gambling','Sydney','Randwick Races Sydney',150),(2342,701,'2017-09-05','Card','Transport','Overseas','Bolt, Tallin Inc',26),(2343,503,'2017-10-07','Card',NULL,NULL,'Coinbase AU 829612',732),(2344,1703,'2017-10-28','Card','Transport','Adelaide','Adelaide Bus Transport SA PTY LTD',5),(2345,501,'2017-11-12','Transfer',NULL,NULL,'picnic',35),(2346,101,'2017-12-26','ATM Cash Withdrawal',NULL,'Darwin','Redi ATM Jabiru',140),(2347,1001,'2017-11-14','BPAY','Government',NULL,'Tasmanian National Park Rangers',76),(2348,1001,'2017-12-14','Direct Debit','Leisure',NULL,'F45 Gyms PTY LTD',65),(2349,1701,'2017-09-28','Card','Transport','Torquay','BP Petrol, Great Ocean Road PTY LTD',80),(2350,1701,'2018-03-02','Direct Debit','Loans & Insurance',NULL,'CashNGo Loans PTY LTD',85),(2351,1701,'2017-09-06','Transfer',NULL,NULL,'Plus500 S&P500',1981),(2352,1401,'2017-12-06','ATM Cash Withdrawal',NULL,'Sydney','CBA ATM Crescent Head',110),(2353,1001,'2018-04-28','Transfer',NULL,NULL,'CoinMama',3662),(2354,1503,'2017-09-10','Card','Gambling','Wollongong','Dapto Dogs Wollongong',279),(2355,501,'2018-03-18','Card','Leisure','Sydney','Improv Theatre Sydney, Redfern PTY LTD',157),(2356,101,'2017-10-02','ATM Cash Withdrawal',NULL,'Perth','CitiBank ATM Perth CBD',140),(2357,1403,'2018-03-31','Fee',NULL,NULL,'Cash Advance',182),(2358,301,'2018-05-06','ATM Cash Withdrawal',NULL,'Sydney','CitiBank ATM Jindabyne',160),(2359,901,'2017-09-15','ATM Cash Withdrawal',NULL,'Sydney','BendigoBank ATM Seal Rocks',120),(2360,1403,'2018-01-15','Card','Gambling','Sydney','The Pooches at Wentworth Park',248),(2361,701,'2018-02-07','BPAY','Government',NULL,'SA Roads and Maritime Authority',149),(2362,801,'2018-04-08','ATM Cash Withdrawal',NULL,'Sydney','ANZ ATM Jindabyne',20),(2363,401,'2017-08-03','ATM Cash Withdrawal',NULL,'Sydney','BendigoBank ATM Byron Bay',130),(2364,1101,'2018-05-15','Direct Debit','Utilities',NULL,'Vodafone Mobile Plan PTY LTD',31),(2365,201,'2017-12-29','Transfer',NULL,NULL,'From the King to his Subject',47),(2366,1601,'2017-10-11','Transfer','Gambling',NULL,'Bet365',676),(2367,1703,'2018-03-31','Fee',NULL,NULL,'Cash Advance',126),(2368,501,'2017-12-06','Transfer',NULL,NULL,'spasibo druug',22),(2369,1501,'2018-05-13','Direct Debit','Education',NULL,'Monash University',235),(2370,1701,'2018-01-26','Card','Transport','Overseas','Bolt, Tallin Inc',21),(2371,1101,'2018-01-01','Transfer',NULL,NULL,'Plus500 S&P500',1981),(2372,1601,'2017-11-01','Transfer',NULL,NULL,'community picnic expenses',10),(2373,703,'2017-11-19','Card','Transport','Sydney','Qantas Airways, Mascot  PTY LTD',212),(2374,1501,'2018-02-06','Credit','Loans & Insurance',NULL,'Nimble Loans PTY LTD',-5000),(2375,1301,'2018-03-07','ATM Cash Withdrawal',NULL,'Perth','BendigoBank ATM Margaret River',50),(2376,1501,'2018-04-25','Transfer',NULL,NULL,'Huobi',1412),(2377,1401,'2018-05-08','Card','Gambling','Sydney','Crown Casino',140),(2378,1001,'2017-10-26','Transfer',NULL,NULL,'CMCMarkets',2325),(2379,1701,'2017-11-01','Transfer',NULL,NULL,'Coinjar',6812),(2380,1601,'2018-02-21','Card','Household','Newcastle','Ikea, Homebush PTY LTD',201),(2381,901,'2018-01-12','Direct Debit','Leisure',NULL,'British Broadcasting Corporation Subscription',9),(2382,1001,'2018-01-14','Transfer',NULL,NULL,'Bitfinex',1816),(2383,1501,'2018-03-25','Card','Gambling','Sydney','The Pooches at Wentworth Park',248),(2384,1001,'2017-11-24','ATM Cash Withdrawal',NULL,'Sydney','Bank of Melbourne ATM Mudgee',50),(2385,1101,'2017-12-23','Transfer',NULL,NULL,'Doctor Brewlittles',49),(2386,201,'2018-05-17','ATM Cash Withdrawal',NULL,'Sydney','Westpac ATM North Curl Curl',90),(2387,1201,'2018-05-15','Transfer',NULL,NULL,'2nd hand the adventures of tom Jones',17),(2388,401,'2017-08-02','Transfer',NULL,NULL,'community picnic expenses',9),(2389,1501,'2017-10-14','Card','Gambling','Darwin','Darwin Dogs',160),(2390,101,'2017-08-20','Transfer',NULL,NULL,'good work on the exam son',43),(2391,303,'2017-11-23','Card','Dining out','Sydney','Marrickville Vietnamese Pork Roll, Marickville PTY LTD',7),(2392,1303,'2018-03-12','Card',NULL,NULL,'CoinFLEX',4367),(2393,1401,'2018-05-25','Direct Debit','Utilities',NULL,'Telstra Mobile Plan PTY LTD',21),(2394,1101,'2018-02-22','BPAY','Loans & Insurance',NULL,'Qantas Health Insurance',1647),(2395,801,'2017-10-10','Card','Leisure','Sydney','Improv Theatre Sydney, Redfern PTY LTD',194),(2396,501,'2018-02-01','Card','Leisure','Sydney','The Ivy Pool Bar, Wynyard PTY LTD',58),(2397,801,'2017-11-10','ATM Cash Withdrawal',NULL,'Melbourne','Bank of Melbourne ATM Apollo Bay',30),(2398,1501,'2017-09-10','ATM Cash Withdrawal',NULL,'Sydney','CitiBank ATM Pennant Hills',120),(2399,503,'2017-10-03','Card','Dining out','Melbourne','Bills Breakfast, Hawthorn PTY LTD',82),(2400,901,'2018-05-29','Transfer',NULL,NULL,'Cryptopia',4201),(2401,1301,'2017-12-07','Card','Dining out','Sydney','Sergio\'s Organic Coffee Bar, Surry Hills PTY LTD',9),(2402,1701,'2018-04-26','Transfer',NULL,NULL,'David Hasselfroths',14),(2403,801,'2017-10-07','Transfer',NULL,NULL,'CMCMarkets',2691),(2404,901,'2018-04-18','Transfer',NULL,NULL,'Coinbase',6057),(2405,403,'2018-03-26','Card','Dining out','Sydney','McDonalds, Wolloomolloo PTY LTD',15),(2406,301,'2018-01-17','Transfer',NULL,NULL,'chrs big chief',11),(2407,1201,'2018-03-10','Card','Leisure','Perth','Bruce\'s Snorkel Shop, Exmouth PTY LTD',31),(2408,1001,'2018-01-01','Transfer',NULL,NULL,'Coinjar',6812),(2409,503,'2017-11-07','Card',NULL,NULL,'CMCMarkets BTC',334),(2410,1101,'2017-08-25','Direct Debit','Leisure',NULL,'Sydney Morning Herald Subscription PTY LTD',3),(2411,1301,'2017-11-12','Transfer','Gambling',NULL,'Ladbrokes',171),(2412,1601,'2017-09-13','Card','Gambling','Sydney','The Pooches at Wentworth Park',248),(2413,1301,'2017-12-26','Transfer',NULL,NULL,'ICMarkets newsletter subs',1847),(2414,1201,'2018-04-11','Transfer',NULL,NULL,'happy bday from grandma',42),(2415,1301,'2018-05-26','Card','Gambling','Wollongong','Dapto Dogs Wollongong',279),(2416,1601,'2018-04-30','Transfer','Gambling',NULL,'TAB',84),(2417,701,'2018-03-15','Transfer',NULL,NULL,'GoMarkets BTC',734),(2418,1401,'2018-02-13','ATM Cash Withdrawal',NULL,'Perth','Bank of Melbourne ATM Esperence',40),(2419,1703,'2018-03-10','Card','Household','Newcastle','Ikea, Homebush PTY LTD',175),(2420,1701,'2017-11-14','ATM Cash Withdrawal',NULL,'Sydney','CitiBank ATM Kings Cross',100),(2421,1501,'2017-09-10','Transfer',NULL,NULL,'A Schooner Matatas',17),(2422,501,'2017-12-03','Transfer',NULL,NULL,'f0n2nd7unsni-BTC',-13214),(2423,1501,'2018-05-21','Transfer','Gambling',NULL,'unibet',124),(2424,1001,'2018-02-03','Card','Leisure','Sydney','Hoyts Cinema, George St  PTY LTD',40),(2425,501,'2017-09-11','Card','Gambling','Melbourne','Melbourne Cup Sweeps TAB',20),(2426,1401,'2017-12-05','Transfer',NULL,NULL,'GoMarkets BTC',4996),(2427,1401,'2018-01-29','Direct Debit','Loans & Insurance',NULL,'CBA Home Loans PTY LTD',2144),(2428,1201,'2018-02-14','Transfer',NULL,NULL,'gumtree chairs',50),(2429,901,'2017-11-11','Card','Leisure','Sydney','Improv Theatre Sydney, Redfern PTY LTD',185),(2430,1701,'2017-08-18','Card','Gambling','Sydney','Randwick Races Sydney',150),(2431,1503,'2017-09-02','Card','Dining out','Sydney','Rockpool Fine Dining, Sydney City PTY LTD',245),(2432,1503,'2018-01-20','Card','Gambling','Sydney','Randwick Races Sydney',150),(2433,1701,'2017-11-24','Card','Gambling','Sydney','Bankstown RSL Western Sydney',368),(2434,901,'2017-12-21','ATM Cash Withdrawal',NULL,'Melbourne','Redi ATM Torquay',200),(2435,201,'2018-05-26','Transfer',NULL,NULL,'Easymarket',288),(2436,1603,'2017-11-30','Fee',NULL,NULL,'Cash Advance',70),(2437,1001,'2017-09-23','Transfer',NULL,NULL,'danke fur die krankenwagon',48),(2438,401,'2017-08-02','Transfer',NULL,NULL,'Froth Whitlams',-24),(2439,301,'2017-10-04','ATM Cash Withdrawal',NULL,'Sydney','ANZ ATM Freshwater',160),(2440,1201,'2018-05-28','Card','Gambling','Melbourne','Melbourne Cup Sweeps TAB',200),(2441,1501,'2017-08-22','Transfer','Gambling',NULL,'betEasy',405),(2442,1401,'2017-11-19','Direct Debit','Leisure',NULL,'Youtube Premium',13),(2443,1101,'2017-12-22','ATM Cash Withdrawal',NULL,'Wollongong','QuikCash ATM Shellharbour',80),(2444,1301,'2018-03-21','Transfer','Gambling',NULL,'betEasy',405),(2445,301,'2017-09-04','Card','Transport','Perth','No Birds Car Rental, Fremantle PTY LTD',411);
/*!40000 ALTER TABLE `tran` ENABLE KEYS */;
UNLOCK TABLES;

--
-- Dumping events for database 'royal_bank_aus'
--

--
-- Dumping routines for database 'royal_bank_aus'
--

--
-- Final view structure for view `accounts`
--

/*!50001 DROP VIEW IF EXISTS `accounts`*/;
/*!50001 SET @saved_cs_client          = @@character_set_client */;
/*!50001 SET @saved_cs_results         = @@character_set_results */;
/*!50001 SET @saved_col_connection     = @@collation_connection */;
/*!50001 SET character_set_client      = utf8mb4 */;
/*!50001 SET character_set_results     = utf8mb4 */;
/*!50001 SET collation_connection      = utf8mb4_0900_ai_ci */;
/*!50001 CREATE ALGORITHM=UNDEFINED */
/*!50013 DEFINER=`root`@`localhost` SQL SECURITY DEFINER */
/*!50001 VIEW `accounts` (`TRAN_D`,`TRAN_I`,`OPEN_D`) AS select `tran`.`TRAN_D` AS `TRAN_D`,`tran`.`TRAN_I` AS `TRAN_I`,`acct_base`.`OPEN_D` AS `open_d` from (`tran` join `acct_base`) where (`tran`.`ACCT_I` = `acct_base`.`ACCT_I`) */;
/*!50001 SET character_set_client      = @saved_cs_client */;
/*!50001 SET character_set_results     = @saved_cs_results */;
/*!50001 SET collation_connection      = @saved_col_connection */;
/*!40103 SET TIME_ZONE=@OLD_TIME_ZONE */;

/*!40101 SET SQL_MODE=@OLD_SQL_MODE */;
/*!40014 SET FOREIGN_KEY_CHECKS=@OLD_FOREIGN_KEY_CHECKS */;
/*!40014 SET UNIQUE_CHECKS=@OLD_UNIQUE_CHECKS */;
/*!40101 SET CHARACTER_SET_CLIENT=@OLD_CHARACTER_SET_CLIENT */;
/*!40101 SET CHARACTER_SET_RESULTS=@OLD_CHARACTER_SET_RESULTS */;
/*!40101 SET COLLATION_CONNECTION=@OLD_COLLATION_CONNECTION */;
/*!40111 SET SQL_NOTES=@OLD_SQL_NOTES */;

-- Dump completed on 2023-06-12 16:36:33
